CNPJ_Companhia;Data_Referencia;Versao;ID_Documento;Nome_Companhia;Quantidade_Acionistas_PF;Quantidade_Acionistas_PJ;Quantidade_Acionistas_Investidores_Institucionais;Quantidade_Acoes_Ordinarias_Circulacao;Percentual_Acoes_Ordinarias_Circulacao;Quantidade_Acoes_Preferenciais_Circulacao;Percentual_Acoes_Preferenciais_Circulacao;Quantidade_Total_Acoes_Circulacao;Percentual_Total_Acoes_Circulacao;Data_Ultima_Assembleia
00.000.000/0001-91;2023-12-31;19;137597;BCO BRASIL S.A.;1143917;14856;1266;2842247534;49.596000;0;0.000000;2842247534;49.596000;2024-04-15
00.000.208/0001-00;2023-12-31;13;135745;BRB BANCO DE BRASILIA S.A.;2843;33;0;39346566;14.045000;2608000;3.146000;41954566;11.556000;2023-04-28
00.001.180/0001-26;2023-12-31;23;136627;CENTRAIS ELET BRAS S.A. - ELETROBRAS;144406;10701;677;1977170723;97.541000;268875696;95.997000;2246046419;97.354000;2024-04-26
00.070.698/0001-11;2023-12-31;6;136076;COMPANHIA ENERGÉTICA DE BRASÍLIA - CEB;8661;78;18;2444275;6.805000;11864425;32.810000;14308700;19.851000;2023-04-28
00.080.671/0001-00;2023-12-31;3;133573;CARAMURU ALIMENTOS S.A.;7;4;0;2444400;10.000000;0;0.000000;2444400;10.000000;2023-04-18
00.192.769/0001-59;2023-12-31;1;127620;NEUMARKT TRADE AND FINANCIAL CENTER S/A;0;1;0;0;0.000000;0;0.000000;0;0.000000;2014-08-29
00.194.724/0001-13;2023-12-31;7;137743;AES BRASIL OPERAÇÕES S.A.;0;1;0;0;0.000000;0;0.000000;0;0.000000;2023-04-27
00.242.184/0001-04;2023-12-31;9;137763;ARMAC LOCAÇÃO, LOGÍSTICA E SERVIÇOS S.A.;1996;24;180;171399108;49.535000;0;0.000000;171399108;49.535000;2023-04-28
00.272.185/0001-93;2023-12-31;2;134548;CIMS S.A.;0;2;0;0;0.000000;0;0.000000;0;0.000000;2024-02-27
00.336.701/0001-04;2023-12-31;15;136065;TELEC BRASILEIRAS S.A. TELEBRAS;6791;1537;29;940619;1.384000;2170716;11.793000;3111335;3.602000;2023-04-20
00.359.742/0001-08;2023-12-31;3;134771;ATOM EMPREENDIMENTOS E PARTICIPAÇÕES S.A.;5316;27;0;5440635;22.855000;0;0.000000;5440635;22.855000;2023-04-24
00.383.281/0001-09;2023-12-31;4;137655;BNDES PARTICIPACOES S.A. - BNDESPAR;0;1;0;0;0.000000;0;0.000000;0;0.000000;2019-04-30
00.389.481/0001-79;2023-12-31;6;136664;LM TRANSPORTES INTERESTADUAIS SERVIÇOS E COMÉRCIO S.A.;2;1;0;211815;100.000000;0;0.000000;211815;100.000000;2023-04-30
00.622.416/0001-41;2023-12-31;3;131091;STATKRAFT ENERGIAS RENOVAVEIS S.A.;0;1;0;0;0.000000;0;0.000000;0;0.000000;2023-09-12
00.644.907/0001-93;2023-12-31;2;135558;INVESTCO S.A.;30;15;0;108594443;27.000000;187196746;48.723000;295791189;37.613000;2023-04-26
00.743.065/0001-27;2023-12-31;6;135452;LITEL PARTICIPACOES S.A.;0;3;1;41758317;19.378000;0;0.000000;41758317;19.378000;2019-09-09
00.776.574/0001-56;2023-12-31;14;138478;AMERICANAS S.A. - EM RECUPERAÇÃO JUDICIAL;213966;934;111;630687127;69.880000;0;0.000000;630687127;69.880000;2024-05-21
00.864.214/0001-06;2023-12-31;19;137075;ENERGISA S.A.;45292;860;1247;327520977;36.915000;1305063487;93.073000;1632584464;71.310000;2024-02-29
00.873.894/0001-24;2023-12-31;2;134610;LETS RENT A CAR S/A;0;1;0;0;0.000000;0;0.000000;0;0.000000;2023-11-01
00.897.864/0001-58;2023-12-31;1;124388;SANTA CATARINA PART INVEST SA;0;2;0;200000;100.000000;0;0.000000;200000;100.000000;1995-11-13
00.924.429/0001-75;2023-12-31;9;137128;FERROVIA CENTRO-ATLANTICA S.A.;1;5;1;23;0.000000;3;15.789000;26;0.000000;2021-08-09
00.938.574/0001-05;2023-12-31;6;135809;CONC RIO-TERESOPOLIS S.A.;0;7;1;0;0.000000;0;0.000000;0;0.000000;2023-03-31
00.974.211/0001-25;2023-12-31;3;137419;LINHA AMARELA S.A. - LAMSA;0;1;0;0;0.000000;0;0.000000;0;0.000000;2023-04-28
00.979.969/0001-56;2023-12-31;4;135607;CAIXA ADM DIV PUB ESTADUAL SA;4;1;0;0;0.000000;0;0.000000;0;0.000000;2023-03-29
01.027.058/0001-91;2023-12-31;14;137009;CIELO S.A. -  INSTITUIÇÃO DE PAGAMENTO;135527;1170;402;1095462329;40.322000;0;0.000000;1095462329;40.322000;2023-03-06
01.083.200/0001-18;2023-12-31;10;137710;NEOENERGIA S.A.;65483;285;597;195036523;16.068000;0;0.000000;195036523;16.068000;2024-04-19
01.104.937/0001-70;2023-12-31;1;127272;ELETROBRÁS PARTICIPAÇÕES S.A. - ELETROPAR;28233;313;0;281678;2.394000;0;0.000000;281678;2.394000;2022-04-29
01.107.327/0001-20;2023-12-31;6;136712;BBM LOGÍSTICA S.A.;2;0;1;0;0.000000;0;0.000000;0;0.000000;2023-04-27
01.258.944/0001-26;2023-12-31;6;137941;RUMO MALHA SUL S.A.;0;1;0;0;0.000000;0;0.000000;0;0.000000;2020-04-30
01.319.044/0001-41;2023-12-31;1;127623;WTC AMAZONAS SUITE HOTEL S.A.;2;0;0;100;100.000000;0;0.000000;100;100.000000;2021-05-04
01.417.222/0001-77;2023-12-31;6;136053;MRS LOGISTICA S.A.;529;15;1;3187420;1.703000;1050877;0.697000;4238297;1.254000;2023-04-27
01.543.032/0001-04;2023-12-31;5;136704;EQUATORIAL GOIÁS DISTRIBUIDORA DE ENERGIA S.A.;20;1;1;102022;0.036000;0;0.000000;102022;0.036000;2023-02-27
01.545.826/0001-07;2023-12-31;27;138489;GAFISA S.A.;33260;298;3;89285651;99.825000;0;0.000000;89285651;99.825000;2023-04-28
01.548.981/0001-79;2023-12-31;3;136132;INVESTIMENTOS BEMGE S.A.;1264;124;4;15919;2.010000;26651;1.696000;42570;1.801000;2024-04-30
01.599.101/0001-93;2023-12-31;32;137735;SEQUOIA LOGÍSTICA E TRANSPORTES S.A.;21814;337;127;377225808;96.646000;0;0.000000;377225808;96.646000;2024-02-28
01.616.929/0001-02;2023-12-31;7;136173;SANEAMENTO DE GOIAS SA;1;60;2;0;0.000000;0;0.000000;0;0.000000;2022-01-25
01.637.895/0001-32;2023-12-31;8;133933;VOTORANTIM CIMENTOS S.A.;0;2;0;0;0.000000;0;0.000000;0;0.000000;2022-11-29
01.838.723/0001-27;2023-12-31;11;135972;BRF S.A.;82852;1782;1486;835221269;49.642000;0;0.000000;835221269;49.642000;2023-04-12
01.851.771/0001-55;2023-12-31;2;136558;524 PARTICIPACOES S.A.;0;1;1;0;0.000000;0;0.000000;0;0.000000;2023-04-28
01.896.779/0001-38;2023-12-31;3;137625;CSU DIGITAL S.A.;19493;85;110;18525926;44.320000;0;0.000000;18525926;44.320000;2023-05-04
01.917.818/0001-36;2023-12-31;7;133954;LIGHT ENERGIA S.A.;0;1;0;0;0.000000;0;0.000000;0;0.000000;2023-04-28
01.938.783/0001-11;2023-12-31;13;137376;CIA PARTICIPACOES ALIANCA DA BAHIA;1627;40;3;6038014;63.587000;3336365;35.447000;9374379;49.579000;2023-12-15
01.957.772/0001-89;2023-12-31;2;130691;SUL 116 PARTICIPACOES S.A.;0;4;1;0;0.000000;0;0.000000;0;0.000000;2014-12-26
01.968.293/0001-68;2023-12-31;3;135774;ELETRORIVER S.A.;7;1;0;8847269;28.697000;8847268;28.697000;17694537;28.697000;2022-05-20
01.989.044/0001-59;2023-12-31;1;127736;WTC RIO EMPREEND. E PARTICIPAÇÕES S.A.;2;0;0;1000;100.000000;0;0.000000;1000;100.000000;2021-05-04
02.016.440/0001-62;2023-12-31;5;135827;RGE SUL DISTRIBUIDORA DE ENERGIA S.A.;0;1;0;0;0.000000;0;0.000000;0;0.000000;2022-04-28
02.031.413/0001-69;2023-12-31;7;135946;PETRO RIO JAGUAR PETRÓLEO S.A.;0;1;0;0;0.000000;0;0.000000;0;0.000000;2023-12-29
02.041.460/0001-93;2023-12-31;6;137864;V. TAL - REDE NEUTRA DE TELECOMUNICAÇÕES S.A.;0;1;3;0;0.000000;0;0.000000;0;0.000000;2023-04-28
02.062.747/0001-08;2023-12-31;3;136561;SUDESTE S.A.;0;1;1;0;0.000000;0;0.000000;0;0.000000;2023-12-27
02.149.205/0001-69;2023-12-31;10;137754;PORTO SEGURO S.A.;126938;448;695;181531496;28.075000;0;0.000000;181531496;28.075000;2022-03-31
02.162.616/0001-94;2023-12-31;2;127264;UPTICK PARTICIPACOES S.A.;1;1;0;0;0.000000;0;0.000000;0;0.000000;2022-04-29
02.193.750/0001-52;2023-12-31;4;136564;DEXXOS PARTICIPAÇÕES S.A.;8805;501;59;88241730;100.000000;5406424;93.670000;93648154;99.611000;2023-04-28
02.201.787/0001-85;2023-12-31;4;133316;CEL PARTICIPAÇÕES S.A. - CELPAR;4;4;0;2609000;100.000000;30;100.000000;2609030;100.000000;2012-04-30
02.217.319/0001-07;2023-12-31;5;135772;YBYRÁ CAPITAL S.A.;2;2;0;0;0.000000;81605950;70.004000;81605950;35.002000;2023-04-27
02.255.187/0001-08;2023-12-31;8;136653;UNIFIQUE TELECOMUNICAÇÕES S.A.;14306;110;112;90360022;24.958000;0;0.000000;90360022;24.958000;2023-04-28
02.258.422/0001-97;2023-12-31;3;135398;INEPAR EQUIPAMENTOS E MONTAGENS S/A - EM RECUPERACAO JUDICIA;0;1;0;0;0.000000;0;0.000000;0;0.000000;2012-05-03
02.281.836/0001-37;2023-12-31;1;127674;TRANSNORDESTINA LOGISTICA SA;0;7;0;28313622;100.000000;27649471;100.000000;55963093;100.000000;2022-11-11
02.286.479/0001-08;2023-12-31;6;133773;LOCALIZA FLEET S.A.;0;1;0;0;0.000000;0;0.000000;0;0.000000;2023-04-28
02.291.077/0001-93;2023-12-31;2;129159;PRODUTORES ENERGET.DE MANSO S.A.- PROMAN;0;1;5;45000;45.000000;0;0.000000;45000;45.000000;2022-04-29
02.302.100/0001-06;2023-12-31;3;134202;EDP SÃO PAULO DISTRIBUIÇÃO DE ENERGIA S.A.;0;1;0;0;0.000000;0;0.000000;0;0.000000;2023-04-28
02.302.101/0001-42;2023-12-31;9;135805;EMAE - EMPRESA METROP.AGUAS ENERGIA S.A.;19253;1696;62;1096;0.007000;22189646;99.766000;22190742;60.061000;2023-04-14
02.328.280/0001-97;2023-12-31;9;135991;ELEKTRO REDES S.A.;1702;15;8;25147;0.027000;598697;0.588000;623844;0.322000;2024-04-12
02.338.534/0001-58;2023-12-31;2;135907;LONGDIS S.A.;3;3;0;24013;0.495000;0;0.000000;24013;0.495000;2023-01-12
02.351.144/0001-18;2023-12-31;9;135755;TEGMA GESTAO LOGISTICA S.A.;11823;72;221;32001379;48.485000;0;0.000000;32001379;48.485000;2024-04-11
02.351.877/0001-52;2023-12-31;27;136130;LWSA S/A;47968;1062;1062;428737358;71.829000;0;0.000000;428737358;71.829000;2023-04-28
02.357.251/0001-53;2023-12-31;6;136120;LIFEMED INDUSTRIAL DE EQUIP. E ART. MEDICOS E HOSP. S.A;0;4;0;0;0.000000;0;0.000000;0;0.000000;2022-04-25
02.365.069/0001-44;2023-12-31;6;135744;PADTEC HOLDING S.A.;5340;38;20;35211741;44.308000;0;0.000000;35211741;44.308000;2023-04-28
02.382.073/0001-10;2023-12-31;5;136556;PROLAGOS S/A - CONC.DE SERVICOS PÚBLICOS DE ÁGUA E ESGOTO;0;2;0;1;0.000000;0;0.000000;1;0.000000;2023-04-28
02.387.241/0001-60;2023-12-31;17;137808;RUMO S.A.;54144;483;1158;1218352541;65.684000;0;0.000000;1218352541;65.684000;2023-07-19
02.397.080/0001-96;2023-12-31;3;135956;ITAPEBI GERACAO DE ENERGIA S.A.;0;1;0;0;0.000000;0;0.000000;0;0.000000;2024-04-16
02.415.408/0001-50;2023-12-31;1;127886;CONC ROD.OESTE SP VIAOESTE S.A;0;1;0;0;0.000000;0;0.000000;0;0.000000;2023-05-26
02.421.421/0001-11;2023-12-31;8;135622;TIM S.A.;1267478;224697;88;807896814;33.378000;0;0.000000;807896814;33.378000;2023-03-30
02.429.144/0001-93;2023-12-31;6;137649;CPFL ENERGIA S.A.;60109;4762;1166;187732538;16.293000;0;0.000000;187732538;16.293000;2023-04-28
02.451.848/0001-62;2023-12-31;2;135880;CONC SIST ANHANG-BANDEIRANT S.A. AUTOBAN;0;1;0;0;0.000000;0;0.000000;0;0.000000;2023-05-19
02.474.103/0001-19;2023-12-31;11;136621;ENGIE BRASIL ENERGIA S.A.;277890;8191;1153;255236961;31.282000;0;0.000000;255236961;31.282000;2023-04-26
02.502.844/0001-66;2023-12-31;5;136583;RUMO MALHA PAULISTA S.A.;0;1;0;0;0.000000;0;0.000000;0;0.000000;2019-04-30
02.509.186/0001-34;2023-12-31;1;127973;TRIÂNGULO DO SOL AUTO-ESTRADAS S.A.;0;1;0;610000;100.000000;0;0.000000;610000;100.000000;2018-04-20
02.509.491/0001-26;2023-12-31;7;135929;CONC ECOVIAS IMIGRANTES S.A.;0;1;0;0;0.000000;0;0.000000;0;0.000000;2024-04-16
02.558.157/0001-62;2023-12-31;7;135834;TELEFÔNICA BRASIL S.A;1518183;246594;3173;408343528;24.709000;0;0.000000;408343528;24.709000;2024-04-11
02.560.878/0001-07;2023-12-31;2;128642;HOSPITAL ANCHIETA S.A.;0;1;0;0;0.000000;0;0.000000;0;0.000000;2023-04-28
02.591.787/0001-39;2023-12-31;4;127141;CAPITALPART PARTICIPACOES S.A.;15;1;0;486;0.301000;0;0.000000;486;0.108000;2023-04-28
02.600.854/0001-34;2023-12-31;4;131159;TIM BRASIL SERVIÇOS E PARTICIPAÇÕES S.A.;0;2;0;0;0.000000;0;0.000000;0;0.000000;2022-03-23
02.635.522/0001-95;2023-03-31;8;129807;JALLES MACHADO S.A.;16612;153;217;99892997;32.900000;0;0.000000;99892997;32.900000;2022-08-19
02.664.042/0001-52;2023-12-31;2;135883;TERMINAL GARAGEM MENEZES CORTES S.A.;1;2;0;0;0.000000;0;0.000000;0;0.000000;2013-04-16
02.682.287/0001-02;2023-12-31;5;131665;PAN FINANCEIRA S.A. - CRÉDITO, FINANCIAMENTO E INVESTIMENTO;0;2;0;11000;100.000000;0;0.000000;11000;100.000000;2021-04-29
02.724.983/0001-34;2023-12-31;2;132617;SANESALTO SANEAMENTO S.A.;0;1;0;0;0.000000;0;0.000000;0;0.000000;2023-04-28
02.762.113/0001-50;2023-12-31;5;133894;BRAZILIAN FINANCE E REAL ESTATE S.A.;0;1;0;0;0.000000;0;0.000000;0;0.000000;2021-04-29
02.762.121/0001-04;2023-12-31;9;136600;SANTOS BRASIL PARTICIPACOES S.A.;45641;207;522;855862622;99.039000;0;0.000000;855862622;99.039000;2024-04-26
02.762.124/0001-30;2023-12-31;2;136559;BETAPART PARTICIPACOES S.A.;4;0;0;1;0.000000;0;0.000000;1;0.000000;2014-04-28
02.783.423/0001-50;2023-12-31;1;128149;ALTERE SECURITIZADORA S.A.;2;0;0;36218984;100.000000;0;0.000000;36218984;100.000000;2020-04-30
02.796.775/0001-40;2023-12-31;2;136560;GAMA PARTICIPACOES S.A.;0;2;1;0;0.000000;0;0.000000;0;0.000000;2015-04-27
02.800.026/0001-40;2023-12-31;16;137698;COGNA EDUCAÇÃO S.A.;224834;859;571;1872454628;99.779000;0;0.000000;1872454628;99.779000;2023-04-28
02.846.056/0001-97;2023-12-31;10;136034;CCR S.A.;37292;175;1260;995335937;49.274000;0;0.000000;995335937;49.274000;2023-04-19
02.860.694/0001-62;2023-12-31;10;137709;T4F ENTRETENIMENTO S.A.;14555;121;1;33258852;48.686000;0;0.000000;33258852;48.686000;2022-04-29
02.916.265/0001-60;2023-12-31;10;137802;JBS S.A.;107100;784;1673;1134986472;51.169000;0;0.000000;1134986472;51.169000;2023-04-24
02.919.555/0001-67;2023-12-31;6;136161;ARTERIS S.A.;0;4;0;0;0.000000;0;0.000000;0;0.000000;2017-06-14
02.932.074/0001-91;2023-12-31;9;137158;HYPERA S.A.;41115;643;773;409310634;64.619000;0;0.000000;409310634;64.619000;2024-04-23
02.950.811/0001-89;2023-12-31;19;136543;PDG REALTY S.A. EMPREEND E PARTICIPACOES;12660;183;28;77775710;99.986000;0;0.000000;77775710;99.986000;2023-12-20
02.992.449/0001-09;2023-12-31;2;136562;PROMPT PARTICIPACOES S.A.;0;1;2;0;0.000000;0;0.000000;0;0.000000;2023-04-28
02.998.301/0001-81;2023-12-31;11;137175;RIO PARANAPANEMA ENERGIA S.A.;10242;54;191;297036;0.944000;3300250;5.242000;3597286;3.809000;2023-04-28
02.998.611/0001-04;2023-12-31;11;137825;CTEEP - CIA TRANSMISSÃO ENERGIA ELÉTRICA PAULISTA;339633;3016;246;27080900;10.499000;395801044;98.717000;422881944;64.182000;2024-03-21
03.014.553/0001-91;2023-12-31;5;137796;TPI - TRIUNFO PARTICIP. E INVEST. S.A.;11299;57;26;18532521;42.119000;0;0.000000;18532521;42.119000;2024-05-16
03.025.305/0001-46;2023-12-31;1;127964;RODOVIAS DAS COLINAS S.A.;0;1;0;74220;12.167000;0;0.000000;74220;12.167000;2012-06-29
03.207.703/0001-83;2023-12-31;2;131260;CONCESSIONARIA DE RODOVIAS DO INTERIOR PAULISTA S/A;0;2;0;0;0.000000;0;0.000000;0;0.000000;2016-04-29
03.220.438/0001-73;2023-12-31;15;137644;EQUATORIAL ENERGIA S.A.;63146;2460;0;1138106440;99.215000;0;0.000000;1138106440;99.215000;2023-05-26
03.279.285/0001-30;2023-12-31;13;137736;ORIZON MEIO AMBIENTE S.A.;0;1;0;0;0.000000;0;0.000000;0;0.000000;2023-04-28
03.303.999/0001-36;2023-12-31;2;137637;DTCOM - DIRECT TO COMPANY S.A.;579;6;0;225512;2.111000;0;0.000000;225512;2.026000;2021-04-30
03.342.704/0001-30;2023-12-31;15;136830;PETRORECÔNCAVO S.A.;29321;551;22;275628230;93.949000;0;0.000000;275628230;93.949000;2024-04-24
03.378.521/0001-75;2023-12-31;14;137859;LIGHT S.A. - EM RECUPERAÇÃO JUDICIAL;18995;156;148;371832624;99.807000;0;0.000000;371832624;99.807000;2023-04-28
03.467.321/0001-99;2023-12-31;9;137724;ENERGISA MATO GROSSO-DISTRIBUIDORA DE ENERGIA S/A;248;63;9;4383194;5.803000;1063437;0.742000;5446631;2.488000;2023-04-26
03.494.776/0001-01;2023-12-31;3;136822;AMMO VAREJO S.A.;0;1;0;0;0.000000;0;0.000000;0;0.000000;2023-04-28
03.538.833/0001-07;2023-12-31;3;135944;XX DE NOVEMBRO INVESTIMENTOS E PARTICIPAÇÕES S.A.;1;0;1;0;0.000000;0;0.000000;0;0.000000;2023-04-28
03.758.318/0001-24;2023-12-31;11;136579;INVESTIMENTOS E PARTICIP. EM INFRA S.A. - INVEPAR;0;1;3;143057124;100.000000;286114248;100.000000;429171372;100.000000;2023-04-28
03.767.538/0001-14;2023-12-31;4;133905;BRAZILIAN SECURITIES CIA SECURITIZACAO;0;1;0;0;0.000000;0;0.000000;0;0.000000;2021-04-29
03.795.050/0001-09;2023-12-31;3;135958;TERMOPERNAMBUCO S.A.;0;1;0;0;0.000000;0;0.000000;0;0.000000;2024-04-16
03.802.115/0001-98;2023-12-31;5;133891;CLEAR SALE S.A.;6373;57;129;55609742;29.591000;0;0.000000;55609742;29.591000;2022-12-31
03.818.379/0001-30;2023-12-31;3;131784;SABER SERVIÇOS EDUCACIONAIS S.A.;0;2;0;0;0.000000;0;0.000000;0;0.000000;2023-04-28
03.820.456/0001-96;2023-12-31;3;135201;BSB ENERGÉTICA S.A.;0;2;0;272565;9.000000;0;0.000000;272565;9.000000;2023-03-13
03.847.461/0001-92;2023-12-31;7;137283;BRADESPAR S.A.;192538;10726;399;30318991;21.972000;250992819;98.387000;281311810;71.563000;2024-05-13
03.853.896/0001-40;2023-12-31;13;135325;MARFRIG GLOBAL FOODS S.A.;121341;974;1275;331799687;35.601000;0;0.000000;331799687;35.601000;2023-09-28
03.953.509/0001-47;2023-12-31;5;136657;CPFL GERACAO DE ENERGIA S.A.;0;1;0;0;0.000000;0;0.000000;0;0.000000;2023-04-26
03.983.431/0001-03;2023-12-31;6;135695;EDP - ENERGIAS DO BRASIL S.A.;232178;591;732;240208565;41.376000;0;0.000000;240208565;41.376000;2023-04-11
04.030.182/0001-02;2023-12-31;3;135675;CABINDA PARTICIPACOES S.A.;1;1;0;0;0.000000;0;0.000000;0;0.000000;2023-04-28
04.031.213/0001-31;2023-12-31;3;130703;CACONDE PARTICIPACOES S.A.;1;1;0;0;0.000000;0;0.000000;0;0.000000;2022-04-29
04.032.433/0001-80;2023-12-31;8;134628;ATMA PARTICIPAÇÕES S.A. - EM RECUPERAÇÃO JUDICIAL;3976;38;12;9885953;37.012000;0;0.000000;9885953;37.012000;2023-04-28
04.038.763/0001-82;2023-12-31;3;130704;CAIANDA PARTICIPACOES S.A.;1;1;0;0;0.000000;0;0.000000;0;0.000000;2023-04-28
04.065.053/0001-41;2023-12-31;2;133304;BRZ EMPREENDIMENTOS E CONSTRUÇÕES S.A.;1;1;0;0;0.000000;0;0.000000;0;0.000000;2023-10-02
04.065.791/0001-99;2023-12-31;9;133013;SINQIA S.A.;0;1;0;0;0.000000;0;0.000000;0;0.000000;2023-11-06
04.069.709/0001-02;2023-12-31;6;137072;BIONEXO S.A.;1;1;3;121095230;64.404000;0;0.000000;121095230;64.404000;2023-04-28
04.089.570/0001-50;2023-12-31;3;136178;ÁGUAS GUARIROBA S.A;0;2;0;1;0.000000;0;0.000000;1;0.000000;2023-04-28
04.149.454/0001-80;2023-12-31;5;135938;ECORODOVIAS INFRAESTRUTURA E LOGÍSTICA S.A.;29413;332;236;334032615;47.970000;0;0.000000;334032615;47.970000;2024-04-17
04.172.213/0001-51;2023-12-31;5;135828;CIA PIRATININGA DE FORCA E LUZ;0;1;0;0;0.000000;0;0.000000;0;0.000000;2023-04-26
04.200.649/0001-07;2023-12-31;14;130507;COMPANHIA PROVINCIA DE SECURITIZACAO;1;1;0;820000;100.000000;0;0.000000;820000;100.000000;2022-12-20
04.212.396/0001-91;2023-12-31;6;136490;AGASUS S.A.;0;1;0;0;0.000000;0;0.000000;0;0.000000;2023-01-10
04.233.319/0001-18;2023-12-31;7;135913;NCF PARTICIPAÇÕES S/A;0;3;0;0;0.000000;0;0.000000;0;0.000000;2023-04-14
04.368.865/0001-66;2023-12-31;5;136813;LIGGA TELECOMUNICAÇÕES S.A.;1;1;0;0;0.000000;0;0.000000;0;0.000000;2022-07-28
04.368.898/0001-06;2023-12-31;5;136015;COPEL DISTRIBUIÇÃO S.A.;0;1;0;0;0.000000;0;0.000000;0;0.000000;2023-04-28
04.370.282/0001-70;2023-12-31;7;136011;COPEL GERAÇÃO E TRANSMISSÃO S.A.;0;1;0;0;0.000000;0;0.000000;0;0.000000;2023-04-28
04.423.567/0001-21;2023-12-31;13;136750;ENEVA S.A;34635;95;982;1579630820;99.680000;0;0.000000;1579630820;99.680000;2023-12-21
04.437.534/0001-30;2023-12-31;2;133495;LOCAMÉRICA RENT-A-CAR S.A.;0;1;0;0;0.000000;0;0.000000;0;0.000000;2023-05-03
04.739.720/0001-24;2023-12-31;7;132182;USINA TERMELÉTRICA PAMPA SUL S.A.;0;2;0;0;0.000000;0;0.000000;0;0.000000;2023-01-06
04.752.991/0001-10;2023-12-31;19;137854;BIOMM S.A.;2053;118;0;84612073;66.707000;0;0.000000;84612073;66.707000;2024-04-17
04.821.041/0001-08;2023-12-31;5;137910;METALFRIO SOLUTIONS S.A.;330;17;0;4047781;64.391000;0;0.000000;4047781;64.391000;2024-02-23
04.895.728/0001-80;2023-12-31;10;138025;EQUATORIAL PARÁ DISTRIBUIDORA DE ENERGIA S.A.;3543;220;0;42028010;1.924000;2459948;55.908000;44487958;2.033000;2023-04-28
04.902.979/0001-44;2023-12-31;9;134451;BCO AMAZONIA S.A.;14964;539;3;1675606;2.989000;0;0.000000;1675606;2.989000;2022-08-26
04.912.242/0001-02;2023-12-31;1;127238;PORTUENSE FERRAGENS S/A;218;1;0;24;0.343000;5;0.167000;29;0.290000;2001-04-30
04.913.711/0001-08;2023-12-31;12;137750;BCO ESTADO DO PARA S.A.;219;113;2;2036;0.021000;0;0.000000;2036;0.021000;2023-04-28
04.972.092/0001-22;2023-12-31;3;134391;GRUPO FARTURA DE HORTIFRUT S.A.;4;2;0;0;0.000000;0;0.000000;0;0.000000;2024-02-21
04.986.320/0001-13;2023-12-31;7;137911;SER EDUCACIONAL S.A.;14309;110;65;52255107;40.595000;0;0.000000;52255107;40.595000;2023-04-28
04.992.714/0001-84;2023-12-31;10;136720;NOVA TRANSPORTADORA DO SUDESTE S.A. - NTS;0;2;0;0;0.000000;0;0.000000;0;0.000000;2023-04-27
05.197.443/0001-38;2023-12-31;18;137749;HAPVIDA PARTICIPAÇÕES E INVESTIMENTOS S.A.;52887;298;2282;4394332306;58.284000;0;0.000000;4394332306;58.284000;2022-10-03
05.303.439/0001-07;2023-12-31;8;133343;UNIGEL PARTICIPAÇÕES S.A.;1;1;0;0;0.000000;0;0.000000;0;0.000000;2023-04-28
05.336.882/0001-84;2023-12-31;1;127751;CACHOEIRA PAULISTA TRANSMISSORA ENERGIA S.A.;0;1;0;20000000;100.000000;0;0.000000;20000000;100.000000;2023-03-31
05.347.060/0001-07;2023-12-31;4;135611;INTERPLAYERS SOLUÇÕES INTEGRADAS S.A.;3;1;1;0;0.000000;0;0.000000;0;0.000000;2023-05-31
05.878.397/0001-32;2023-12-31;12;137501;ALLOS S.A.;66976;373;1137;532616595;92.801000;0;0.000000;532616595;92.801000;2023-05-23
05.917.486/0001-40;2023-12-31;6;135924;LIVETECH DA BAHIA INDÚSTRIA E COMÉRCIO S.A.;9436;150;0;21189121;32.769000;0;0.000000;21189121;32.769000;2023-04-19
06.016.348/0001-53;2023-01-01;1;127379;VENTOS DO SUL ENERGIA S.A.;0;3;0;0;0.000000;0;0.000000;0;0.000000;2019-09-04
06.047.087/0001-39;2023-12-31;8;137033;REDE D'OR SÃO LUIZ S.A.;85356;1955;0;1144776793;50.006000;0;0.000000;1144776793;50.006000;2023-11-30
06.057.223/0001-71;2023-12-31;23;137036;SENDAS DISTRIBUIDORA S.A.;39799;381;1023;1349217892;99.807000;0;0.000000;1349217892;99.807000;2023-07-14
06.164.253/0001-87;2023-12-31;17;137756;GOL LINHAS AEREAS INTELIGENTES S.A.;101193;326;112;0;0.000000;194099944;57.325000;194099944;6.061000;2024-03-26
06.272.793/0001-84;2023-12-31;8;136841;EQUATORIAL MARANHÃO DISTRIBUIDORA DE ENERGIA S.A.;1506;49;0;2421053;1.501000;19127;0.668000;2440180;1.486000;2023-04-28
06.347.409/0001-65;2023-12-31;2;133237;SBF COMÉRCIO DE PRODUTOS ESPORTIVOS S.A.;0;1;0;0;0.000000;0;0.000000;0;0.000000;2023-04-28
06.626.253/0001-51;2023-12-31;16;137001;EMPREENDIMENTOS PAGUE MENOS S.A.;23688;56;151;180312899;30.997000;0;0.000000;180312899;30.997000;2024-04-29
06.977.745/0001-91;2023-12-31;2;134104;BR MALLS PARTICIPACOES S.A.;0;1;0;828273884;100.000000;0;0.000000;828273884;100.000000;2023-01-09
06.977.751/0001-49;2023-12-31;11;133016;BR PROPERTIES S.A.;1;0;1;447231;100.000000;0;0.000000;447231;100.000000;2023-11-24
06.981.176/0001-58;2023-12-31;11;137250;CEMIG GERACAO E TRANSMISSAO S.A.;0;1;0;0;0.000000;0;0.000000;0;0.000000;2022-10-31
06.981.180/0001-16;2023-12-31;13;137249;CEMIG DISTRIBUICAO S.A.;0;1;0;0;0.000000;0;0.000000;0;0.000000;2023-07-14
06.981.381/0001-13;2023-03-31;9;129306;CTC - CENTRO DE TECNOLOGIA CANAVIEIRA S.A.;0;89;1;0;0.000000;0;0.000000;0;0.000000;2021-07-21
07.040.108/0001-57;2023-12-31;7;136578;CAGECE - CIA DE AGUA E ESGOTO DO CEARA;4;5;0;21340663;11.479000;18169;31.625000;21358832;11.486000;2023-11-29
07.043.628/0001-13;2023-12-31;2;128407;CLARO TELECOM PARTICIPAÇÕES S.A.;0;2;0;0;0.000000;0;0.000000;0;0.000000;2023-04-28
07.047.251/0001-70;2023-12-31;8;136509;CIA ENERGETICA DO CEARA - COELCE;7515;287;14;1003692;2.088000;19198932;64.453000;20202624;25.949000;2023-04-25
07.119.838/0001-48;2023-12-31;1;127589;SECME - COMPANHIA SECURITIZADORA DE CRÉDITOS IMOBILIÁRIOS;0;2;0;0;0.000000;0;0.000000;0;0.000000;2022-12-07
07.206.816/0001-15;2023-12-31;3;135587;M.DIAS BRANCO S.A. IND COM DE ALIMENTOS;57878;90;479;66033716;19.479000;0;0.000000;66033716;19.479000;2023-04-20
07.237.373/0001-20;2023-12-31;20;136818;BCO NORDESTE DO BRASIL S.A.;8731;1113;7;614477;0.711000;0;0.000000;614477;0.711000;2023-03-31
07.253.321/0001-47;2023-12-31;2;135697;CARBOMIL SA MINER. E INDUSTRIA;0;1;0;154962;100.000000;66413;100.000000;221375;100.000000;2020-07-30
07.275.159/0001-68;2023-12-31;7;137227;PETROLEO LUB DO NORDESTE SA;177;365;0;496437;99.633000;1674074;95.567000;2170511;96.467000;2023-04-28
07.282.377/0001-20;2023-12-31;5;137079;ENERGISA SUL-SUDESTE - DISTRIBUIDORA DE ENERGIA S/A;20;11;0;731;0.753000;0;0.000000;731;0.753000;2023-04-27
07.334.600/0001-35;2023-12-31;1;127088;MARINA DE IRACEMA PARK SA;8;2;0;0;0.000000;0;0.000000;0;0.000000;2022-04-30
07.401.436/0001-31;2023-12-31;1;127743;ELDORADO BRASIL CELULOSE S.A.;0;2;0;1525558419;100.000000;0;0.000000;1525558419;100.000000;2012-08-20
07.415.333/0001-20;2023-12-31;9;136208;SIMPAR S.A.;45716;276;675;226948086;25.995000;0;0.000000;226948086;25.995000;2023-04-27
07.437.016/0001-05;2023-12-31;1;127753;CINESYSTEM S.A.;3;3;0;0;0.000000;0;0.000000;0;0.000000;2023-04-20
07.526.557/0001-00;2023-12-31;14;136881;AMBEV S.A.;308094;1897;652;4394245879;27.886000;0;0.000000;4394245879;27.886000;2023-04-28
07.594.978/0001-78;2023-12-31;16;138419;SMARTFIT ESCOLA DE GINÁSTICA E DANÇA S.A.;10436;109;618;307405718;52.437000;0;0.000000;307405718;52.437000;2023-09-25
07.628.528/0001-59;2023-06-30;15;132717;BRASILAGRO - CIA BRAS DE PROP AGRICOLAS;116165;372;220;63773043;62.106451;0;0.000000;63773043;62.106451;2023-10-31
07.636.657/0001-99;2023-12-31;4;130244;AÇO VERDE DO BRASIL S.A;4;1;0;0;0.000000;0;0.000000;0;0.000000;2023-04-04
07.659.538/0001-51;2023-12-31;3;134603;DINAMICA ENERGIA S.A.;3;1;0;334424444;100.000000;0;0.000000;334424444;100.000000;2007-04-27
07.689.002/0001-89;2023-12-31;9;138085;EMBRAER S.A.;72203;14450;397;734632601;99.212000;0;0.000000;734632601;99.212000;2023-04-28
07.704.246/0001-93;2023-12-31;3;137029;DATORA PARTICIPAÇÕES E SERVIÇOS S.A.;8;1;0;0;0.000000;0;0.000000;0;0.000000;2022-04-29
07.718.269/0001-57;2023-12-31;9;139822;SPRINGS GLOBAL PARTICIPACOES S.A.;1885;49;33;4708032;47.080000;0;0.000000;4708032;47.080000;2024-04-30
07.802.794/0001-56;2023-12-31;4;134980;ESSENTIA PCHS S.A.;0;2;0;0;0.000000;0;0.000000;0;0.000000;2023-04-28
07.816.890/0001-53;2023-12-31;7;137757;MULTIPLAN - EMPREEND IMOBILIARIOS S.A.;27670;1076;0;318010631;52.935000;0;0.000000;318010631;52.935000;2024-04-26
07.820.907/0001-46;2023-12-31;4;133675;FICA EMPREENDIMENTOS IMOBILIÁRIOS S.A.;320;6;25;2380679;98.288000;0;0.000000;2380679;98.288000;2021-12-31
07.823.262/0001-03;2023-12-31;2;134215;FOZ DO RIO CLARO ENERGIA S.A.;0;2;0;0;0.000000;0;0.000000;0;0.000000;2023-04-24
07.857.093/0001-14;2023-12-31;7;134376;AURA MINERALS INC.;44718;311;105;28785772;39.895000;0;0.000000;28785772;39.895000;2022-06-15
07.857.850/0001-50;2023-12-31;9;134240;GP INVESTMENTS, LTD.;1690;29;45;48684508;30.436000;0;0.000000;48684508;30.436000;2023-04-28
07.859.510/0001-68;2023-12-31;3;131289;JHSF MALLS S.A.;0;3;0;0;0.000000;0;0.000000;0;0.000000;2023-04-28
07.859.971/0001-30;2023-12-31;18;137638;TRANSMISSORA ALIANÇA DE ENERGIA ELÉTRICA S.A.;649047;445;1445;218568274;37.001000;437136468;98.725000;655704742;63.445000;2023-04-27
07.882.930/0001-65;2023-12-31;9;137635;MITRE REALTY EMPREENDIMENTOS E PARTICIPAÇÕES S.A.;20775;134;118;62641245;59.221000;0;0.000000;62641245;59.221000;2023-04-29
07.976.147/0001-60;2023-12-31;3;131570;MOVIDA LOCAÇÃO DE VEÍCULOS S.A.;0;1;0;0;0.000000;0;0.000000;0;0.000000;2022-05-31
08.065.557/0001-12;2023-12-31;13;137939;TECNISA S.A.;34862;137;51;45082118;61.237000;0;0.000000;45082118;61.237000;2023-05-05
08.070.508/0001-78;2023-03-31;8;128940;RAIZEN ENERGIA S.A.;0;2;0;0;0.000000;0;0.000000;0;0.000000;2022-10-01
08.078.847/0001-09;2023-12-31;8;137144;LPS BRASIL - CONSULTORIA DE IMOVEIS S.A.;13582;99;33;104261376;70.660000;0;0.000000;104261376;70.660000;2023-12-28
08.159.965/0001-33;2023-12-31;9;134562;IGUA SANEAMENTO S.A.;0;1;7;0;0.000000;0;0.000000;0;0.000000;2023-05-01
08.170.849/0001-15;2023-12-31;17;135989;DESKTOP S.A.;11170;287;164;35803742;31.007000;0;0.000000;35803742;31.007000;2023-10-02
08.213.823/0001-07;2023-12-31;6;135236;AURA ALMAS MINERAÇÃO S.A.;0;2;0;0;0.000000;0;0.000000;0;0.000000;2023-04-11
08.262.121/0001-13;2023-12-31;3;138147;ALUBAR METAIS E CABOS S.A.;4;1;0;0;0.000000;0;0.000000;0;0.000000;2023-10-06
08.294.224/0001-65;2023-12-31;12;137694;JHSF PARTICIPACOES S.A.;91522;321;371;299252184;44.051000;0;0.000000;299252184;44.051000;2023-04-27
08.312.229/0001-73;2023-12-31;8;137519;EZ TEC EMPREEND. E PARTICIPACOES S.A.;72475;314;341;91552608;41.429000;0;0.000000;91552608;41.429000;2024-04-26
08.322.396/0001-03;2023-03-31;4;130511;CERRADINHO BIOENERGIA S.A.;0;4;0;0;0.000000;0;0.000000;0;0.000000;2022-08-29
08.324.196/0001-81;2023-12-31;9;136190;CIA ENERGETICA DO RIO GDE NORTE - COSERN;6589;301;111;8844830;6.817000;2732307;7.129000;11577137;6.888000;2024-04-11
08.343.492/0001-20;2023-12-31;19;137479;MRV ENGENHARIA E PARTICIPACOES S.A.;70870;1201;782;375130280;66.651000;0;0.000000;375130280;66.651000;2024-03-15
08.364.948/0001-38;2023-12-31;7;135895;ALUPAR INVESTIMENTO S/A;125869;908;908;151478405;23.461000;303364120;99.405000;454842525;47.836000;2024-04-19
08.397.078/0001-01;2023-12-31;6;136026;GSH CORP PARTICIPAÇÕES S.A.;12;2;1;0;0.000000;0;0.000000;0;0.000000;2021-11-16
08.402.943/0001-52;2023-12-31;3;137765;GUARARAPES CONFECCOES S.A.;17864;152;293;81927760;16.412000;0;0.000000;81927760;16.412000;2023-04-27
08.424.178/0001-71;2023-12-31;1;127296;TECBLU TECELAGEM BLUMENAU S.A.;3;4;0;18089;64.528000;102590;100.000000;120679;92.387000;2016-04-29
08.439.659/0001-50;2023-12-31;7;137880;CPFL ENERGIAS RENOVÁVEIS S.A.;0;2;0;0;0.000000;0;0.000000;0;0.000000;2023-04-26
08.467.115/0001-00;2023-12-31;10;137686;CIA ESTADUAL DE DISTRIB ENER ELET-CEEE-D;297;215;0;103300;0.152000;75289;45.904000;178589;0.262000;2023-04-28
08.534.605/0001-74;2023-12-31;10;136613;RENOVA ENERGIA S.A. - EM RECUPERAÇÃO JUDICIAL;15976;48;0;26076041;20.904000;51700769;41.446000;77776810;31.175000;2024-04-30
08.560.444/0001-93;2023-12-31;6;135934;CIA CELG DE PARTICIPACOES - CELGPAR;447;94;0;77842;0.098000;0;0.000000;77842;0.098000;2023-04-28
08.574.411/0001-00;2023-12-31;5;137653;PRÁTICA PRODUTOS S.A.;0;1;0;0;0.000000;0;0.000000;0;0.000000;2023-12-15
08.613.550/0001-98;2023-12-31;9;135995;NEXPE PARTICIPAÇÕES S.A;9312;20;24;1038543;39.108000;0;0.000000;1038543;39.108000;2023-05-11
08.764.621/0001-53;2023-12-31;3;130729;GENERAL SHOPPING E OUTLETS DO BRASIL BRASIL S.A.;1595;2;15;1428328;74.054000;0;0.000000;1428328;74.054000;2023-04-06
08.769.451/0001-08;2023-12-31;5;136988;VIRGO COMPANHIA DE SECURITIZAÇÃO;0;1;0;0;0.000000;0;0.000000;0;0.000000;2020-10-01
08.773.135/0001-00;2023-12-31;12;136052;2W ECOBANK S.A.;21;2;0;1249031;1.100000;0;0.000000;1249031;1.100000;2023-09-28
08.773.191/0001-36;2023-12-31;3;136984;BRASILIANA PARTICIPAÇÕES S/A;0;2;0;0;0.000000;0;0.000000;0;0.000000;2023-04-29
08.795.211/0001-70;2023-12-31;6;136568;MAESTRO LOCADORA DE VEICULOS S.A.;3;1;3;0;0.000000;0;0.000000;0;0.000000;2023-04-10
08.797.760/0001-83;2023-12-31;10;137337;CURY CONSTRUTORA E INCORPORADORA S.A.;16846;708;129;127608925;43.720000;0;0.000000;127608925;43.720000;2023-04-28
08.801.621/0001-86;2023-12-31;9;135971;SYN PROP & TECH S.A.;22821;183;131;59860037;39.215000;0;0.000000;59860037;39.215000;2022-04-29
08.807.432/0001-10;2023-12-31;18;137953;YDUQS PARTICIPACOES S.A.;32111;219;495;289347914;93.613000;0;0.000000;289347914;93.613000;2023-04-27
08.810.422/0001-34;2023-12-31;1;128027;GUARARAPES PAINÉIS S.A.;3;1;1;0;0.000000;0;0.000000;0;0.000000;2023-04-28
08.811.643/0001-27;2023-12-31;6;137607;TRISUL S.A.;61780;356;0;71441396;38.282000;0;0.000000;71441396;38.282000;2023-04-26
08.822.767/0001-08;2023-12-31;1;127970;CONCESSIONÁRIA DA RODOVIA MG-050 S.A.;0;1;0;0;0.000000;0;0.000000;0;0.000000;2022-12-27
08.827.501/0001-58;2023-12-31;8;135985;AEGEA SANEAMENTO E PARTICIPAÇÕES S.A.;0;4;0;207858034;29.278000;274590758;88.492000;482448792;47.287000;2024-01-23
08.873.873/0001-10;2023-12-31;7;135928;ECORODOVIAS CONCESSÕES E SERVIÇOS S.A.;0;1;0;0;0.000000;0;0.000000;0;0.000000;2024-04-16
08.902.291/0001-15;2023-12-31;4;135595;CSN MINERAÇÃO S.A.;151359;1194;1194;1110559345;20.246000;0;0.000000;1110559345;20.246000;2023-04-28
08.935.054/0001-50;2023-12-31;2;133497;MULTINER S/A;0;2;1;7877740;100.000000;6843557;100.000000;14721297;100.000000;2017-11-21
09.041.168/0001-10;2023-12-31;9;136085;LOG COMMERCIAL PROPERTIES E PARTICIPAÇÕES;15246;129;190;60450121;59.172000;0;0.000000;60450121;59.172000;2023-04-19
09.042.817/0001-05;2023-12-31;17;138088;BEMOBI MOBILE TECH S.A.;13449;115;178;82302418;94.596000;0;0.000000;82302418;94.596000;2024-04-26
09.053.134/0001-45;2023-12-31;5;133317;ELFA MEDICAMENTOS S.A.;31;0;5;535845140;100.000000;64914392;100.000000;600759532;100.000000;2022-05-27
09.054.385/0001-44;2023-12-31;1;127468;INBRANDS S.A.;12;3;0;150424;0.109000;0;0.000000;150424;0.109000;2023-05-02
09.074.183/0001-64;2023-12-31;1;127682;TRANSBRASILIANA CONCESSIONÁRIA DE RODOVIA S.A;0;1;0;428071225;100.000000;0;0.000000;428071225;100.000000;2018-04-27
09.095.183/0001-40;2023-12-31;6;137726;ENERGISA PARAÍBA - DISTRIBUIDORA DE ENERGIA S/A;0;1;0;0;0.000000;0;0.000000;0;0.000000;2023-04-27
09.112.685/0001-32;2023-12-31;6;136743;OSX BRASIL S.A. - EM RECUPERAÇÃO JUDICIAL;3922;15;3;1592166;50.576000;0;0.000000;1592166;50.576000;2023-04-28
09.114.805/0001-30;2023-12-31;13;137832;OCEANPACT SERVIÇOS MARITIMOS S.A.;9138;198;38;75620822;37.818000;0;0.000000;75620822;37.818000;2023-04-10
09.116.278/0001-01;2023-12-31;1;127369;CONPEL CIA NORDESTINA PAPEL - EM RECUPERAÇÃO JUDICIAL;0;1;0;14048567;100.000000;4073532;100.000000;18122099;100.000000;2013-04-29
09.146.451/0001-06;2023-12-31;8;135850;KALLAS INCORPORAÇÕES E CONSTRUÇÕES S.A.;0;1;0;0;0.000000;0;0.000000;0;0.000000;2023-12-27
09.149.503/0001-06;2023-12-31;2;137034;SERENA GERAÇÃO S.A.;0;1;0;0;0.000000;0;0.000000;0;0.000000;2023-04-28
09.229.201/0001-30;2023-12-31;7;135939;GPS PARTICIPAÇÕES E EMPREENDIMENTOS S.A.;5582;15;710;395604037;58.621000;0;0.000000;395604037;58.621000;2024-03-18
09.257.877/0001-37;2023-12-31;9;136086;FERROVIA NORTE SUL S/A;0;1;0;0;0.000000;0;0.000000;0;0.000000;2023-04-28
09.267.996/0001-70;2023-12-31;9;137987;YUNY INCORPORADORA HOLDING S.A.;2;0;0;72188009000;100.000000;0;0.000000;72188009000;100.000000;2024-05-17
09.288.252/0001-32;2023-12-31;15;138415;ANIMA HOLDING S.A.;19075;106;333;257038629;63.644000;0;0.000000;257038629;63.644000;2023-04-28
09.295.063/0001-97;2023-12-31;3;137795;TECHNOS S.A.;15235;49;26;25446705;37.037000;0;0.000000;25446705;37.037000;2024-05-13
09.305.994/0001-29;2023-12-31;14;137785;AZUL S.A.;127963;532;246;306558420;33.000000;328421113;97.817000;634979533;50.207000;2024-05-15
09.313.969/0001-97;2023-12-31;6;132775;AUTOPISTA LITORAL SUL;0;1;0;3126258713;100.000000;0;0.000000;3126258713;100.000000;2023-09-25
09.324.949/0001-11;2023-12-31;2;131253;AUTOPISTA FLUMINENSE SA;0;1;0;0;0.000000;0;0.000000;0;0.000000;2014-04-16
09.325.109/0001-73;2023-12-31;3;134111;AUTOPISTA PLANALTO SUL SA;0;1;0;1721076003;100.000000;0;0.000000;1721076003;100.000000;2022-04-20
09.326.342/0001-70;2023-12-31;3;131702;AUTOPISTA FERNÃO DIAS SA;0;1;0;0;0.000000;0;0.000000;0;0.000000;2016-05-05
09.336.431/0001-06;2023-12-31;3;132777;AUTOPISTA REGIS BITTENCOURT SA;0;1;0;0;0.000000;0;0.000000;0;0.000000;2014-04-17
09.346.601/0001-25;2023-12-31;17;137720;B3 S.A. - BRASIL, BOLSA, BALCÃO;317857;2443;1604;5511401013;99.367000;0;0.000000;5511401013;99.367000;2023-06-01
09.347.516/0001-81;2023-12-31;12;136820;ELETROMIDIA S.A.;1374;6;45;52772087;37.699000;0;0.000000;52772087;37.699000;2023-04-24
09.359.927/0001-97;2023-12-31;3;135608;ASA BRANCA HOLDING S.A.;0;1;0;0;0.000000;0;0.000000;0;0.000000;2023-01-13
09.391.823/0001-60;2023-12-31;11;135817;SANTO ANTONIO ENERGIA S.A.;0;1;0;0;0.000000;0;0.000000;0;0.000000;2023-04-25
09.414.761/0001-64;2023-12-31;1;127734;K-INFRA RODOVIA DO AÇO S.A.;0;1;0;0;0.000000;0;0.000000;0;0.000000;2018-11-23
09.478.309/0001-66;2023-12-31;2;133187;BRASIL BIOFUELS S.A.;3;2;0;597522;9.867000;0;0.000000;597522;9.867000;2023-09-08
09.527.023/0001-23;2023-12-31;6;139422;ENVIRONMENTAL ESG PARTICIPAÇÕES S.A.;0;1;0;0;0.000000;0;0.000000;0;0.000000;2023-04-28
09.538.973/0001-53;2023-12-31;3;136207;PDG COMPANHIA SECURITIZADORA;0;2;0;0;0.000000;0;0.000000;0;0.000000;2024-04-25
09.584.854/0001-37;2023-12-31;3;133661;MANAUS TRANSMISSORA DE ENERGIA S.A;0;1;0;1255333123;100.000000;0;0.000000;1255333123;100.000000;2023-04-28
09.611.768/0001-76;2023-12-31;4;138011;INC EMPREENDIMENTOS IMOBILIÁRIOS S.A.;2;0;0;0;0.000000;0;0.000000;0;0.000000;2023-04-28
09.625.321/0001-56;2023-12-31;3;133665;NORTE BRASIL TRANSMISSORA DE ENERGIA S.A.;0;5;0;0;0.000000;0;0.000000;0;0.000000;2023-04-14
09.813.204/0001-16;2023-12-31;2;134424;W2W E-COMMERCE DE VINHOS S.A.;5;4;0;0;0.000000;0;0.000000;0;0.000000;2024-02-23
10.139.870/0001-08;2023-12-31;4;135927;NEOGRID PARTICIPAÇÕES S.A.;47659;242;0;102849895;43.094000;0;0.000000;102849895;43.094000;2024-01-17
10.215.988/0001-60;2023-12-31;5;133774;COMPANHIA DE LOCAÇÃO DAS AMÉRICAS;0;1;0;0;0.000000;0;0.000000;0;0.000000;2023-04-28
10.234.027/0001-00;2023-12-31;4;137080;LINHAS DE MACAPÁ TRANSMISSORA DE ENERGIA S/A;0;2;0;0;0.000000;0;0.000000;0;0.000000;2018-05-08
10.240.186/0001-00;2023-12-31;4;137081;LINHAS DE XINGU TRANSMISSORA DE ENERGIA S/A;0;1;1;0;0.000000;0;0.000000;0;0.000000;2023-04-26
10.285.590/0001-08;2023-12-31;10;137695;GRUPO DE MODA SOMA S.A.;41719;354;875;496029967;63.209000;0;0.000000;496029967;63.209000;2023-04-28
10.319.900/0001-50;2023-12-31;2;135836;CICLUS AMBIENTAL RIO S/A;0;1;0;0;0.000000;0;0.000000;0;0.000000;2022-04-29
10.324.624/0001-18;2023-12-31;5;137863;CONCESSÃO METROVIÁRIA DO RIO DE JANEIRO S.A.;0;1;0;0;0.000000;0;0.000000;0;0.000000;2023-04-28
10.338.320/0001-00;2023-12-31;5;135815;AFLUENTE TRANSMISSÃO DE ENERGIA ELÉTRICA S/A;3177;208;54;835965;1.325000;0;0.000000;835965;1.325000;2024-04-10
10.452.416/0001-02;2023-12-31;5;133479;REAG INVESTIMENTOS S.A.;2;3;0;696801900;94.566000;0;0.000000;696801900;94.566000;2023-11-30
10.488.244/0001-19;2023-12-31;2;136018;INFRASEC SECURITIZADORA S.A.;0;2;0;10000;100.000000;0;0.000000;10000;100.000000;2013-12-27
10.502.676/0001-37;2023-12-31;1;127426;TERMELÉTRICA PERNAMBUCO III S.A.;0;1;0;0;0.000000;0;0.000000;0;0.000000;2014-07-14
10.531.501/0001-58;2023-12-31;3;128332;CONC AUTO RAPOSO TAVARES S.A.;0;1;0;4094242310;100.000000;4094242309;100.000000;8188484619;100.000000;2021-02-15
10.571.175/0001-02;2023-12-31;10;136844;URBA DESENVOLVIMENTO URBANO S.A.;7;2;0;0;0.000000;0;0.000000;0;0.000000;2023-04-28
10.629.105/0001-68;2023-12-31;19;136834;PRIO S.A.;145456;1907;1404;804019521;90.131000;0;0.000000;804019521;90.131000;2024-01-02
10.635.691/0001-53;2023-12-31;1;127914;VIARONDON CONCESSIONÁRIA DE RODOVIA S.A.;0;1;0;249500000;100.000000;249500000;100.000000;499000000;100.000000;2020-09-01
10.647.979/0001-48;2023-12-31;4;132792;CONC ROTA DAS BANDEIRAS S.A.;0;2;0;0;0.000000;0;0.000000;0;0.000000;2021-05-11
10.670.314/0001-55;2023-12-31;3;137648;VIABAHIA CONCESSIONÁRIA DE RODOVIAS SA;0;2;0;0;0.000000;0;0.000000;0;0.000000;2022-09-26
10.678.505/0001-63;2023-12-31;2;131701;CONC RODOVIAS DO TIETÊ S.A.- EM RECUPERAÇÃO JUDICIAL;0;2;0;0;0.000000;0;0.000000;0;0.000000;2015-06-30
10.739.356/0001-03;2023-12-31;8;133425;BR ADVISORY PARTNERS PARTICIPAÇÕES S.A.;25257;189;62;42192245;21.386000;84384490;78.187000;126576735;41.471000;2023-09-29
10.760.260/0001-19;2023-12-31;23;138038;CVC BRASIL OPERADORA E AGÊNCIA DE VIAGENS S.A.;156595;585;449;525582771;99.998000;0;0.000000;525582771;99.998000;2023-11-24
10.807.374/0001-77;2023-12-31;4;131521;BOA SAFRA SEMENTES S.A.;39485;332;3;45088147;38.491000;0;0.000000;45088147;38.491000;2023-04-27
10.835.932/0001-08;2023-12-31;9;135992;CIA ENERGETICA DE PERNAMBUCO - CELPE;0;1;0;0;0.000000;0;0.000000;0;0.000000;2024-04-16
10.841.050/0001-55;2023-12-31;5;135933;CONC ROD AYRTON SENNA E CARV PINTO S.A.-ECOPISTAS;0;1;0;0;0.000000;0;0.000000;0;0.000000;2024-04-16
10.851.805/0001-00;2023-12-31;1;130805;FLEX GESTÃO DE RELACIONAMENTOS S.A.-EM RECUPERAÇÃO JUDICIAL;0;1;1;0;0.000000;0;0.000000;0;0.000000;2017-08-31
11.257.352/0001-43;2023-12-31;2;128319;BSI CAPITAL SECURITIZADORA S.A.;2;0;0;0;0.000000;0;0.000000;0;0.000000;2022-09-06
11.274.829/0001-07;2023-12-31;2;130666;COMPANHIA PAULISTA DE SECURITIZAÇÃO;0;2;0;0;0.000000;0;0.000000;0;0.000000;2022-03-22
11.284.204/0001-18;2023-12-31;7;135896;YOU INC INCORPORADORA E PARTICIPAÇÃO S.A;3;2;0;0;0.000000;0;0.000000;0;0.000000;2021-04-30
11.421.994/0001-36;2023-12-31;18;137737;ORIZON VALORIZAÇÃO DE RESÍDUOS S.A.;5469;120;258;46644102;56.231000;0;0.000000;46644102;56.231000;2023-04-28
11.669.021/0001-10;2023-12-31;14;135683;ENAUTA PARTICIPAÇÕES S.A.;35864;128;547;263267225;99.045000;0;0.000000;263267225;99.045000;2023-12-26
11.716.471/0001-17;2023-12-31;1;128179;TRX SECURITIZADORA S.A.;1;1;0;28905;100.000000;0;0.000000;28905;100.000000;2020-09-30
11.721.921/0001-60;2023-12-31;10;136541;ALPER CONSULTORIA E CORRETORA DE SEGUROS S.A.;1695;40;19;3565309;17.485000;0;0.000000;3565309;17.485000;2024-01-08
11.725.176/0001-27;2023-12-31;5;131125;BOA VISTA SERVIÇOS S.A.;0;1;0;529842845;100.000000;0;0.000000;529842845;100.000000;2023-08-07
11.992.680/0001-93;2023-12-31;11;137624;QUALICORP CONSULTORIA E CORRETORA DE SEGUROS S.A.;57215;604;0;278477812;98.051000;0;0.000000;278477812;98.051000;2023-04-28
12.049.631/0001-84;2023-12-31;4;133256;MOURA DUBEUX ENGENHARIA S/A;7168;205;165;53415493;62.909000;0;0.000000;53415493;62.909000;2023-04-27
12.091.809/0001-55;2023-12-31;26;137857;3R PETROLEUM ÓLEO E GÁS S.A.;60904;706;924;240205945;99.907000;0;0.000000;240205945;99.907000;2024-04-30
12.104.241/0004-02;2023-12-31;16;137913;ONCOCLÍNICAS DO BRASIL SERVIÇOS MÉDICOS S.A.;9393;75;2540;194602507;36.893000;0;0.000000;194602507;36.893000;2023-04-28
12.108.897/0001-50;2023-12-31;8;137392;D1000 VAREJO FARMA PARTICIPAÇÕES S.A.;12822;145;29;16631005;32.866000;0;0.000000;16631005;32.866000;2024-04-24
12.181.987/0001-77;2023-12-31;16;138479;MELNICK DESENVOLVIMENTO IMOBILIÁRIO S.A.;7915;67;106;189313589;91.780000;0;0.000000;189313589;91.780000;2023-04-28
12.300.288/0001-07;2023-12-31;8;136892;NORTE ENERGIA S.A.;0;7;2;0;0.000000;0;0.000000;0;0.000000;2023-01-18
12.420.164/0001-57;2023-12-31;15;137746;CM HOSPITALAR S.A;743;10;158;182249113;56.455000;0;0.000000;182249113;56.455000;2023-11-01
12.489.315/0001-23;2023-12-31;2;134183;FERREIRA GOMES ENERGIA S.A.;0;2;0;0;0.000000;0;0.000000;0;0.000000;2023-04-21
12.528.708/0001-07;2023-12-31;11;135653;AERIS IND. E COM. DE EQUIP. PARA GER. DE ENG. S.A.;90448;247;117;687615909;55.346000;0;0.000000;687615909;55.346000;2023-12-01
12.592.831/0001-89;2023-12-31;4;132727;MNLT S.A.;0;1;0;0;0.000000;0;0.000000;0;0.000000;2023-03-31
12.648.266/0001-24;2023-12-31;14;138892;AMBIPAR PARTICIPAÇÕES E EMPREENDIMENTOS S.A.;41698;186;319;55695890;33.342000;0;0.000000;55695890;33.342000;2024-04-30
12.648.327/0001-53;2023-12-31;21;137833;HIDROVIAS DO BRASIL S.A.;14123;176;222;759856429;99.931000;0;0.000000;759856429;99.931000;2023-05-09
12.919.786/0001-24;2023-12-31;2;136821;TCP TERMINAL DE CONTEINERES DE PARANAGUA SA;0;1;0;0;0.000000;0;0.000000;0;0.000000;2023-04-27
13.009.717/0001-46;2023-12-31;9;135893;BCO ESTADO DE SERGIPE S.A. - BANESE;3037;331;12;490660;5.515000;1097421;12.335000;1588081;8.925000;2022-04-13
13.017.462/0001-63;2023-12-31;6;137082;ENERGISA SERGIPE - DISTRIBUIDORA DE ENERGIA S/A;0;1;0;0;0.000000;0;0.000000;0;0.000000;2023-04-27
13.217.485/0001-11;2023-12-31;8;137191;GRUPO SBF S.A.;28800;120;358;146964776;60.296000;0;0.000000;146964776;60.296000;2023-04-28
13.270.520/0001-66;2023-12-31;13;137760;KORA SAÚDE PARTICIPAÇÕES S.A.;1391;32;66;155809782;20.147000;0;0.000000;155809782;20.147000;2023-07-31
13.444.994/0001-87;2023-12-31;2;128486;MLOG S.A.;56;49;38;1360526;46.919000;0;0.000000;1360526;46.919000;2021-06-30
13.522.948/0001-59;2023-12-31;4;136618;SAFIRA HOLDING S.A.;2;0;0;0;0.000000;0;0.000000;0;0.000000;2023-04-25
13.574.594/0001-96;2023-12-31;16;136609;ZAMP SA;16887;43;201;105882372;38.453000;0;0.000000;105882372;38.453000;2024-03-21
13.584.310/0001-42;2023-12-31;3;129865;SUGOI S.A.;2;0;0;1000000;100.000000;0;0.000000;1000000;100.000000;2022-05-02
13.783.221/0004-78;2023-12-31;3;134131;MADERO INDÚSTRIA E COMÉRCIO S.A.;6;0;1;0;0.000000;0;0.000000;0;0.000000;2023-04-28
14.110.585/0001-07;2023-12-31;15;137804;MÉLIUZ S.A.;79411;0;587;65508109;75.333000;0;0.000000;65508109;75.333000;2023-11-06
14.127.813/0001-51;2023-12-31;26;136832;GETNINJAS S.A.;3382;62;62;15459417;30.399000;0;0.000000;15459417;30.399000;2023-04-28
14.191.427/0001-29;2023-12-31;1;128049;GRANBIO INVESTIMENTOS S.A.;0;2;0;15094340;13.959000;0;0.000000;15094340;13.959000;2020-03-17
14.292.540/0001-09;2023-12-31;2;130879;BRAZIL TOWER, CESSÃO DE INFRA-ESTRUTURAS S.A;0;4;0;0;0.000000;0;0.000000;0;0.000000;2023-07-25
14.388.334/0001-99;2023-12-31;11;135518;PARANA BCO S.A.;21;0;0;0;0.000000;0;0.000000;0;0.000000;2023-12-28
14.776.142/0001-50;2023-12-31;18;136557;WESTWING COMÉRCIO VAREJISTA S.A.;6394;47;74;110539162;99.663000;0;0.000000;110539162;99.663000;2023-04-30
14.785.152/0001-51;2023-12-31;8;137799;HBR REALTY EMPREENDIMENTOS IMOBILIÁRIOS S.A.;778;87;87;58613664;56.802000;0;0.000000;58613664;56.802000;2023-04-24
14.807.945/0001-24;2023-12-31;8;137005;SANSUY S.A. INDUSTRIA DE PLASTICOS;1625;60;0;568050;21.372000;2851554;56.372000;3419604;44.316000;2024-03-22
14.882.295/0001-81;2023-12-31;8;136106;CBO HOLDING S.A.;0;5;0;33934772;24.480000;0;0.000000;33934772;24.480000;2023-05-31
14.998.371/0001-19;2023-12-31;5;136057;J. MACEDO S.A.;30;6;0;10674856;100.000000;8692854;100.000000;19367710;100.000000;2019-12-30
15.073.274/0001-88;2023-12-31;2;128440;PPLA PARTICIPATIONS LTD.;2088;17;10;0;0.000000;2814666;100.000000;2814666;100.000000;2022-06-06
15.090.690/0001-94;2023-12-31;4;136175;CONCESSIONARIA ECOVIAS DO ARAGUAIA S.A.;0;1;0;0;0.000000;0;0.000000;0;0.000000;2024-04-16
15.101.405/0001-93;2023-12-31;5;131017;CORREA RIBEIRO S.A. COMERCIO E INDUSTRIA;290;19;2;2106;22.267000;14716;56.280000;16822;47.245000;2023-04-18
15.114.494/0001-02;2023-12-31;7;136174;CORREDOR LOGÍSTICA E INFRAESTRUTURA S.A.;0;0;3;0;0.000000;0;0.000000;0;0.000000;2023-07-18
15.115.504/0001-24;2023-12-31;6;136974;TRONOX PIGMENTOS DO BRASIL S.A.;4927;168;97;99275;0.977000;8128433;43.098000;8227708;28.353000;2023-04-26
15.139.629/0001-94;2023-12-31;14;135917;CIA ELETRICIDADE EST. DA BAHIA - COELBA;3188;273;11;2356751;1.551000;283372;0.257000;2640123;1.007000;2024-04-15
15.141.799/0001-03;2023-12-31;5;136575;CIA FERRO LIGAS DA BAHIA - FERBASA;33043;286;170;1252824;1.064000;160647500;68.210000;161900324;45.828000;2024-01-24
15.144.017/0001-90;2023-12-31;9;134209;CIA SEGUROS ALIANCA DA BAHIA;0;1;0;0;0.000000;0;0.000000;0;0.000000;2024-01-25
15.413.826/0001-50;2023-12-31;6;137077;ENERGISA MATO GROSSO DO SUL - DIST DE ENERGIA S.A.;1;2;0;421;0.065000;0;0.000000;421;0.065000;2023-04-27
15.440.708/0001-30;2023-12-31;5;136169;CONCESSIONÁRIA VIARIO S.A.;0;2;0;0;0.000000;0;0.000000;0;0.000000;2023-04-18
15.484.093/0001-44;2023-12-31;13;137817;ECO101 CONCESSIONÁRIA DE RODOVIAS S.A.;0;1;0;0;0.000000;0;0.000000;0;0.000000;2024-04-16
15.494.541/0001-90;2023-12-31;2;135195;SALUS INFRAESTRUTURA PORTUARIA SA;0;2;0;4200;1.000000;0;0.000000;4200;1.000000;2022-03-30
15.578.569/0001-06;2023-12-31;10;137995;CONC DO AEROPORTO INTERNACIONAL DE GUARULHOS S.A.;0;2;0;3033541675;100.000000;0;0.000000;3033541675;100.000000;2017-12-07
15.688.041/0001-90;2023-12-31;1;128178;MBK SECURITIZADORA SA;1;1;0;13354;100.000000;0;0.000000;13354;100.000000;2016-04-30
16.233.389/0001-55;2023-12-31;7;135762;CVLB BRASIL S.A;5;4;0;0;0.000000;0;0.000000;0;0.000000;2023-04-28
16.234.171/0001-15;2023-12-31;2;129344;METANOR SA METANOL DO NE;118;135;6;97768099;100.000000;196571002;100.000000;294339101;100.000000;2023-04-25
16.404.287/0001-55;2023-12-31;12;137725;SUZANO S.A.;75161;736;1631;664114223;50.924000;0;0.000000;664114223;50.924000;2024-01-31
16.590.234/0001-76;2023-12-31;9;136975;AZZAS 2154 S.A.;34502;422;786;62305891;56.137000;0;0.000000;62305891;56.137000;2023-04-28
16.614.075/0001-00;2023-12-31;10;137670;DIRECIONAL ENGENHARIA S.A.;22021;239;697;109826474;63.301000;0;0.000000;109826474;63.301000;2024-05-16
16.670.085/0001-55;2023-12-31;16;137317;LOCALIZA RENT A CAR S.A.;50945;1810;329;854504168;79.719000;0;0.000000;854504168;79.719000;2024-03-11
16.676.520/0001-59;2023-12-31;9;137955;HOSPITAL MATER DEI S.A.;4421;38;207;105828053;27.680000;0;0.000000;105828053;27.680000;2024-04-30
16.811.931/0001-00;2023-12-31;14;135498;ALPHAVILLE S.A.;769;12;44;41730179;21.364000;0;0.000000;41730179;21.364000;2024-01-26
16.838.421/0001-26;2023-12-31;1;127690;XP INVESTIMENTOS S.A.;0;1;0;4283056588;100.000000;0;0.000000;4283056588;100.000000;2022-10-14
16.922.038/0001-51;2023-12-31;8;137295;ENJOEI S.A.;23997;194;194;133130492;65.701000;0;0.000000;133130492;65.701000;2024-04-24
17.155.730/0001-64;2023-12-31;14;137237;CIA ENERGETICA DE MINAS GERAIS - CEMIG;389824;4440;2541;469002839;49.028000;1858890683;97.570000;2327893522;81.344000;2024-04-30
17.159.229/0001-76;2023-12-31;1;127979;LABORATÓRIO TEUTO BRASILEIRO S.A.;6;0;0;0;0.000000;0;0.000000;0;0.000000;2023-04-30
17.161.241/0001-15;2023-12-31;1;125804;MINASMAQUINAS S.A.;983;173;0;1603;71.181000;3879;66.661000;5482;67.922000;2023-04-25
17.162.082/0001-73;2023-12-31;1;127635;MENDES JUNIOR ENGENHARIA S.A.;3531;41;21;17673;0.253000;313613;9.410000;331286;3.213000;2022-04-29
17.162.280/0001-37;2023-12-31;5;131619;EMPRESA BRASILEIRA DE ENGENHARIA E COMÉRCIO S.A. EBEC;0;2;0;0;0.000000;0;0.000000;0;0.000000;2022-09-28
17.167.396/0001-69;2023-12-31;13;136162;ALFA HOLDINGS S.A.;16421;1914;24;2739166;5.953000;13813701;35.721000;16552867;19.547000;2022-03-30
17.167.412/0001-13;2023-12-31;14;135013;FINANCEIRA ALFA S.A.- CRED FINANC E INVS;13206;542;88;3311536;5.638000;13231897;29.932000;16543433;16.071000;2022-03-30
17.184.037/0001-10;2023-12-31;9;136152;BCO MERCANTIL DO BRASIL S.A.;3985;588;23;21763244;33.402000;27254566;68.693000;49017810;46.759000;2023-10-06
17.193.806/0001-46;2023-12-31;10;134826;CONSORCIO ALFA DE ADMINISTRACAO S.A.;19044;2488;27;3403866;8.426000;8965511;26.963000;12369377;16.796000;2022-03-30
17.234.244/0001-31;2023-12-31;1;127689;FTL - FERROVIA TRANSNORDESTINA LOGÍSTICA S.A.;0;3;0;550871212;100.000000;0;0.000000;550871212;100.000000;2023-03-30
17.245.234/0001-00;2023-12-31;5;133727;CIA FIACAO TECIDOS CEDRO CACHOEIRA;3461;37;4;2292846;40.175000;3863570;89.999000;6156416;61.564000;2023-04-27
17.281.106/0001-03;2023-12-31;23;136672;CIA SANEAMENTO DE MINAS GERAIS-COPASA MG;80405;724;301;188462398;49.562000;0;0.000000;188462398;49.562000;2023-04-28
17.314.329/0001-20;2023-12-31;12;135495;INTERNATIONAL MEAL COMPANY ALIMENTACAO S.A.;33544;1;270;282525630;98.658000;0;0.000000;282525630;98.658000;2023-05-15
17.344.597/0001-94;2023-12-31;16;137130;BB SEGURIDADE PARTICIPAÇÕES S.A.;336474;2578;1598;671750768;33.588000;0;0.000000;671750768;33.588000;2023-04-28
17.359.233/0001-88;2023-12-31;3;136043;TECIDOS E ARMARINHOS MIGUEL BARTOLOMEU S.A.;45;0;0;383000000;100.000000;0;0.000000;383000000;100.000000;2023-03-02
17.943.792/0001-30;2023-12-31;1;127632;FULWOOD S.A.;4;0;0;0;0.000000;0;0.000000;0;0.000000;2022-04-30
18.174.270/0001-84;2023-12-31;5;137310;DOTZ S.A.;3482;37;1;3908445;29.511000;0;0.000000;3908445;29.511000;2023-12-21
18.328.118/0001-09;2023-12-31;8;136960;PET CENTER COMÉRCIO E PARTICIPAÇÕES S.A.;96010;390;437;307729428;66.533000;0;0.000000;307729428;66.533000;2024-04-30
18.483.666/0001-03;2023-12-31;5;133334;HUMBERG AGRIBRASIL COMÉRCIO E EXPORTAÇÃO DE GRÃOS S.A.;8;0;0;0;0.000000;0;0.000000;0;0.000000;2023-08-15
18.494.485/0001-82;2023-12-31;3;133285;PORTO SUDESTE V.M. S.A.;0;1;0;0;0.000000;0;0.000000;0;0.000000;2023-10-30
18.572.225/0001-88;2023-12-31;1;127889;CONCEBRA - CONCESSIONARIA DAS RODOVIAS CENTRAIS DO BRASIL;0;1;0;380000000;100.000000;0;0.000000;380000000;100.000000;2018-09-27
18.593.815/0001-97;2023-12-31;13;137702;PRINER SERVIÇOS INDUSTRIAIS S.A.;13683;189;85;44114545;94.422000;0;0.000000;44114545;94.422000;2024-04-29
18.903.785/0001-78;2023-12-31;5;136179;HOLDING DO ARAGUAIA S.A.;0;2;0;0;0.000000;0;0.000000;0;0.000000;2024-04-16
19.014.221/0001-47;2023-12-31;6;136189;CHINA THREE GORGES BRASIL ENERGIA S.A.;0;2;0;0;0.000000;0;0.000000;0;0.000000;2022-04-28
19.208.022/0001-70;2023-12-31;7;133336;ECO050 CONCESSIONÁRIA DE RODOVIAS S.A.;0;1;0;0;0.000000;0;0.000000;0;0.000000;2023-11-06
19.378.769/0001-76;2023-12-31;3;128238;INSTITUTO HERMES PARDINI S.A.;0;1;0;0;0.000000;0;0.000000;0;0.000000;2023-04-28
19.403.252/0001-90;2023-12-31;9;137277;EMCCAMP RESIDENCIAL S.A.;7;0;0;0;0.000000;0;0.000000;0;0.000000;2021-07-31
19.521.322/0001-04;2023-12-31;4;136508;CONCESSIONÁRIA ROTA DO OESTE S.A.;0;1;0;0;0.000000;0;0.000000;0;0.000000;2023-12-28
19.526.748/0001-50;2023-12-31;2;136495;CIA INDUSTRIAL CATAGUASES;136;6;0;25422;17.630000;121;10.911000;25543;17.579000;2022-04-18
19.527.586/0001-75;2023-12-31;4;131209;COMPANHIA ENERGÉTICA SINOP S/A;0;3;0;0;0.000000;0;0.000000;0;0.000000;2023-04-28
19.527.639/0001-58;2023-12-31;4;137071;ENERGISA MINAS RIO - DISTRIBUIDORA DE ENERGIA S/A;0;1;0;0;0.000000;0;0.000000;0;0.000000;2023-04-27
19.642.306/0001-70;2023-12-31;3;135881;CONCESSIONÁRIA DE RODOVIA SUL-MATOGROSSENSE S.A.;0;1;0;0;0.000000;0;0.000000;0;0.000000;2022-04-12
19.726.048/0001-00;2023-12-31;3;137421;CONCESSIONÁRIA BR-040 S.A.;0;1;0;0;0.000000;0;0.000000;0;0.000000;2023-04-28
19.796.586/0001-70;2023-12-31;4;135488;BRISANET PARTICIPAÇÕES S.A.;10498;37;130;91058867;20.276000;0;0.000000;91058867;20.276000;2023-04-20
20.247.322/0001-47;2023-12-31;10;135659;ALLIED TECNOLOGIA S.A.;5272;60;58;25669857;27.461000;0;0.000000;25669857;27.461000;2023-04-28
20.258.278/0001-70;2023-12-31;5;136542;OUROFINO S.A.;5978;78;21;23165733;42.940000;0;0.000000;23165733;42.940000;2023-04-14
20.512.706/0001-40;2023-12-31;14;136109;VITRU BRASIL EMPREENDIMENTOS, PARTICIPAÇÕES E COMÉRCIO S.A.;0;1;0;0;0.000000;0;0.000000;0;0.000000;2023-11-10
20.514.555/0001-69;2023-12-31;3;131338;ARGO VI TRANSMISSÃO DE ENERGIA S.A.;0;2;0;0;0.000000;0;0.000000;0;0.000000;2022-11-07
20.514.590/0001-88;2023-12-31;3;131337;ARGO V TRANSMISSÃO DE ENERGIA S.A.;0;2;0;0;0.000000;0;0.000000;0;0.000000;2022-11-07
21.110.778/0001-23;2023-12-31;6;134532;OLIVEIRA TRUST S.A.;13;1;0;3524496;2.046000;7048992;4.174000;10573488;3.099000;2023-10-30
21.240.146/0001-84;2023-12-31;16;136597;AGROGALAXY PARTICIPAÇÕES S.A.;1941;7;61;63679830;37.278000;0;0.000000;63679830;37.278000;2023-04-28
21.254.073/0001-80;2023-12-31;2;136116;COMPANHIA ITAUNENSE ENERGIA E PARTICIPAÇÕES;400;5;0;9116000;100.000000;0;0.000000;9116000;100.000000;2021-05-03
21.255.567/0001-89;2023-12-31;6;136752;CIA TECIDOS SANTANENSE;9021;96;1;866821;9.115000;11221295;61.270000;12088116;43.444000;2023-04-28
21.314.559/0001-66;2023-12-31;20;137252;MOVIDA PARTICIPACOES SA;85655;1042;423;124051424;34.240000;0;0.000000;124051424;34.240000;2023-04-27
21.389.501/0001-81;2023-12-31;10;136680;COMPASS GÁS E ENERGIA S.A.;1;2;19;0;0.000000;85702404;100.000000;85702404;12.000000;2023-04-26
21.414.457/0001-12;2023-12-31;1;133427;LEADS CIA. SECURITIZADORA;0;1;0;0;0.000000;0;0.000000;0;0.000000;2021-10-20
21.728.083/0001-00;2023-12-31;3;131342;ARGO VII TRANSMISSÃO DE ENERGIA S.A.;0;2;0;0;0.000000;0;0.000000;0;0.000000;2022-04-28
21.948.105/0001-47;2023-12-31;1;128063;BTGI QUARTZO PARTICIPAÇÕES S/A;0;1;1;0;0.000000;0;0.000000;0;0.000000;2018-06-01
21.976.510/0001-79;2023-12-31;1;128064;BTGI SAFIRA PARTICIPAÇÕES S/A;0;1;1;0;0.000000;0;0.000000;0;0.000000;2018-06-01
22.163.297/0001-49;2023-12-31;5;135931;CONCESSIONÁRIA PONTE RIO-NITERÓI S.A. - ECOPONTE;0;1;0;0;0.000000;0;0.000000;0;0.000000;2024-04-16
22.261.473/0001-85;2023-12-31;11;137116;COMPANHIA DE GÁS DE MINAS GERAIS - GASMIG;0;2;0;1319959;0.860000;0;0.000000;1319959;0.430000;2023-05-24
22.266.175/0001-88;2023-12-31;13;137810;FERTILIZANTES HERINGER S.A.;10214;68;0;5397996;10.023000;0;0.000000;5397996;10.023000;2023-04-28
22.543.331/0001-00;2023-12-31;9;136588;CAIXA SEGURIDADE PARTICIPAÇÕES S.A.;157324;1083;373;517500000;17.250000;0;0.000000;517500000;17.250000;2023-04-26
22.677.520/0001-76;2023-12-31;7;136799;CIA TECIDOS NORTE DE MINAS COTEMINAS;2454;1501;2;289370;2.080000;14130635;84.495000;14420005;47.068000;2023-04-28
23.041.875/0001-37;2023-12-31;5;135482;ALMACENES ÉXITO S.A.;5917;274;125;170711441;12.695000;0;0.000000;170711441;12.695000;2023-03-31
23.096.269/0001-19;2023-12-31;6;135705;RIO PARANA ENERGIA S.A.;0;2;0;2338108737;33.333000;0;0.000000;2338108737;33.333000;2023-04-28
23.236.821/0001-27;2023-12-31;5;135757;PATRIMAR ENGENHARIA S.A.;4;1;0;0;0.000000;0;0.000000;0;0.000000;2023-04-28
23.373.000/0001-32;2023-12-31;18;136159;VAMOS LOCAÇÃO DE CAMINHÕES, MÁQUINAS E EQUIPAMENTOS S.A.;25039;252;847;498860020;45.173000;0;0.000000;498860020;45.173000;2023-04-28
23.438.929/0001-00;2023-12-31;6;133243;TRIPLE PLAY BRASIL PARTICIPAÇÕES S.A.;11;0;1;0;0.000000;0;0.000000;0;0.000000;2023-10-31
24.230.275/0001-80;2023-12-31;2;136596;PLANO & PLANO DESENVOLVIMENTO IMOBILIÁRIO S.A.;11025;35;133;54711991;26.786000;0;0.000000;54711991;26.786000;2023-08-17
24.396.489/0001-20;2023-12-31;10;136914;BRK AMBIENTAL PARTICIPAÇÕES S.A.;0;0;2;0;0.000000;0;0.000000;0;0.000000;2023-05-30
24.410.913/0001-44;2023-12-31;3;129753;NU HOLDINGS LTD.;1316439;114;447;4694787854;114.137000;0;0.000000;4694787854;114.137000;2022-09-21
24.624.490/0001-65;2023-12-31;3;131336;ARGO TRANSMISSÃO DE ENERGIA S/A;0;1;0;500000000;100.000000;0;0.000000;500000000;100.000000;2018-03-01
24.624.551/0001-94;2023-12-31;5;138907;ARGO ENERGIA EMPREENDIMENTOS E PARTICIPAÇÕES S/A;0;2;1;0;0.000000;0;0.000000;0;0.000000;2019-02-27
24.921.465/0001-43;2023-12-31;3;131996;BLUEFIT ACADEMIAS DE GINÁSTICA E PARTICIPAÇÕES S.A.;1;3;4;0;0.000000;0;0.000000;0;0.000000;2023-10-31
24.962.466/0001-36;2023-12-31;6;135531;RUMO MALHA NORTE S.A.;0;0;5;705365;0.064000;5008442;6.129000;5713807;0.480000;2023-04-26
24.990.777/0001-09;2023-12-31;9;137712;GRUPO MATEUS S.A.;51812;225;522;463952163;21.000000;0;0.000000;463952163;21.000000;2023-04-20
25.089.509/0001-83;2023-12-31;7;136127;COMPANHIA DE SANEAMENTO DO TOCANTINS - SANEATINS;0;2;0;0;0.000000;5;100.000000;5;0.000000;2024-04-30
25.249.439/0001-83;2023-12-31;5;134235;HOSPITAL CARE CALEDONIA S.A.;323;17;3;0;0.000000;0;0.000000;0;0.000000;2021-03-23
25.369.840/0001-57;2023-12-31;11;137379;COMERC ENERGIA S.A.;78;6;0;0;0.000000;0;0.000000;0;0.000000;2023-04-28
26.072.786/0001-46;2023-12-31;3;136118;QESTRA TECNOLOGIA ADMINISTRAÇÃO E PARTICIPAÇÕES S.A.;73;14;1;593360000;100.000000;0;0.000000;593360000;100.000000;2022-02-21
26.345.998/0001-50;2023-12-31;11;137722;TC S.A.;7212;68;28;72799182;25.986000;0;0.000000;72799182;25.986000;2024-05-10
26.462.693/0001-28;2023-12-31;4;136129;LAVVI EMPREENDIMENTOS IMOBILIÁRIOS S.A.;13811;84;178;73850129;37.011000;0;0.000000;73850129;37.011000;2023-04-26
26.609.050/0001-64;2023-12-31;1;127905;TRAVESSIA SECURITIZADORA S.A.;1;1;0;0;0.000000;0;0.000000;0;0.000000;2019-04-29
26.659.061/0001-59;2023-12-31;12;137861;MPM CORPÓREOS S.A.;21208;260;260;188667444;52.201000;0;0.000000;188667444;52.201000;2023-04-28
26.664.057/0001-89;2023-12-31;4;129153;ENTREVIAS CONCESSIONÁRIA DE RODOVIAS S.A.;0;1;0;580628065;100.000000;0;0.000000;580628065;100.000000;2018-03-08
26.845.702/0001-60;2023-12-31;2;131453;EQUATORIAL TRANSMISSORA 7 SPE S.A.;0;1;0;0;0.000000;0;0.000000;0;0.000000;2018-02-01
26.982.634/0001-80;2023-12-31;2;131326;TURBI COMPARTILHAMENTO DE VEÍCULOS S.A.;16;6;1;2823;22.541000;2845;44.122000;5668;29.876000;2022-12-29
27.093.558/0001-15;2023-12-31;9;138941;MILLS LOCAÇÃO, SERVIÇOS E LOGÍSTICA S.A.;11515;97;161;179747379;72.976000;0;0.000000;179747379;72.976000;2023-05-31
27.137.879/0001-74;2023-12-31;1;128018;CIA SEC CRED FIN CARTÕES CONSIG BMG;2;1;0;0;0.000000;0;0.000000;0;0.000000;2017-02-03
27.157.474/0001-06;2023-12-31;2;132908;ÁGUAS DE TERESINA SANEAMENTO SPE S.A.;0;1;0;0;0.000000;0;0.000000;0;0.000000;2023-04-28
27.743.642/0001-37;2023-12-31;4;132766;CONSTRUTORA METROCASA S.A.;0;2;0;0;0.000000;0;0.000000;0;0.000000;2020-05-25
27.956.690/0001-03;2023-12-31;1;128177;AUZZA SECURITIZADORA S. A.;4;1;0;0;0.000000;0;0.000000;0;0.000000;2020-12-31
27.967.244/0001-02;2023-12-31;2;131454;EQUATORIAL TRANSMISSORA 8 SPE S.A.;0;1;0;0;0.000000;0;0.000000;0;0.000000;2018-01-31
28.019.100/0001-89;2023-12-31;3;131243;VIAPAULISTA S.A.;0;1;0;0;0.000000;0;0.000000;0;0.000000;2019-05-17
28.127.603/0001-78;2023-12-31;15;136663;BANESTES S.A. - BCO EST ESPIRITO SANTO;45531;64;13;11997071;5.193000;2514360;2.961000;14511431;4.593000;2024-04-26
28.152.650/0001-71;2023-12-31;3;134201;EDP ESPIRITO SANTO DISTRIBUIÇÃO DE ENERGIA S.A.;0;1;0;0;0.000000;0;0.000000;0;0.000000;2023-04-28
28.195.667/0001-06;2023-12-31;16;137178;BCO ABC BRASIL S.A.;58724;579;289;0;0.000000;75338058;61.907000;75338058;30.793000;2024-04-26
28.201.130/0001-01;2023-12-31;6;137078;ENERGISA TRANSMISSÃO DE ENERGIA S/A;0;2;0;0;0.000000;0;0.000000;0;0.000000;2024-04-25
28.594.234/0001-23;2023-12-31;9;137267;AUREN ENERGIA S.A.;78097;427;1204;301966319;30.197000;0;0.000000;301966319;30.197000;2023-04-28
28.925.264/0001-75;2023-12-31;5;131861;COMPANHIA ENERGÉTICA JAGUARA;0;2;0;0;0.000000;0;0.000000;0;0.000000;2023-04-28
28.942.127/0001-49;2023-12-31;4;131865;COMPANHIA ENERGÉTICA MIRANDA;0;2;0;0;0.000000;0;0.000000;0;0.000000;2023-04-28
29.780.061/0001-09;2023-12-31;10;137931;SAO CARLOS EMPREEND E PARTICIPACOES S.A.;3781;91;82;22315897;38.651000;0;0.000000;22315897;38.651000;2022-04-29
29.884.545/0001-90;2023-12-31;5;135937;ECORIOMINAS CONCESSIONÁRIA DE RODOVIAS S.A.;0;1;0;0;0.000000;0;0.000000;0;0.000000;2024-04-16
29.950.060/0001-57;2023-12-31;4;137893;NORTEC QUÍMICA S.A.;3;0;1;237549;2.020000;118773;100.000000;356322;3.000000;2021-06-23
29.980.141/0001-08;2023-12-31;7;137329;OCEÂNICA ENGENHARIA E CONSULTORIA S.A.;1;1;0;0;0.000000;0;0.000000;0;0.000000;2023-05-29
30.213.493/0001-09;2023-12-31;4;135143;TEGRA INCORPORADORA S.A.;0;1;1;0;0.000000;0;0.000000;0;0.000000;2023-03-31
30.306.294/0001-45;2023-12-31;14;138412;BCO BTG PACTUAL S.A.;79022;81980;1696;1150666940;15.884000;2301291732;53.996000;3451958672;30.001000;2023-04-28
30.540.991/0001-66;2023-12-31;4;136008;HAGA S.A. INDUSTRIA E COMERCIO;5310;35;0;1081937;27.276000;7931997;99.983000;9013934;75.747000;2023-04-28
30.723.886/0001-62;2023-12-31;3;128855;BANCO MODAL S.A.;0;1;0;0;0.000000;0;0.000000;0;0.000000;2023-07-01
30.788.149/0001-48;2023-12-31;1;127469;GUARDIAN COMPANHIA SECURITIZADORA;3;0;0;0;0.000000;0;0.000000;0;0.000000;2020-04-30
31.001.230/0001-07;2023-12-31;3;132600;CELEO REDES TRANSMISSÃO DE ENERGIA S.A.;0;1;0;85600000;100.000000;0;0.000000;85600000;100.000000;2023-10-10
31.553.627/0001-01;2023-12-31;11;136766;MOBLY S.A.;4870;89;105;44444445;41.736000;0;0.000000;44444445;41.736000;2023-04-28
31.748.174/0001-60;2023-12-31;10;135631;VERO S.A.;24;1;3;0;0.000000;0;0.000000;0;0.000000;2023-12-01
32.021.201/0001-61;2023-12-31;12;134315;ORIGEM ENERGIA S.A.;3;0;2;0;0.000000;0;0.000000;0;0.000000;2023-11-23
32.161.500/0001-00;2023-12-31;4;135908;CONCESSIONÁRIA DAS RODOVIAS INTEGRADAS DO SUL S.A.;0;1;0;0;0.000000;0;0.000000;0;0.000000;2023-04-12
32.431.519/0001-10;2023-12-31;2;131753;HÉLIO VALGAS SOLAR PARTICIPAÇÕES S.A.;0;1;0;0;0.000000;0;0.000000;0;0.000000;2023-08-28
32.681.371/0001-72;2023-12-31;3;134520;VIX LOGÍSTICA S.A.;1;1;0;0;0.000000;0;0.000000;0;0.000000;2022-12-30
32.785.497/0001-97;2023-12-31;12;137902;NATURA &CO HOLDING S.A.;53751;1064;247;849346756;61.243000;0;0.000000;849346756;61.243000;2024-04-26
33.000.167/0001-01;2023-12-31;26;137831;PETROLEO BRASILEIRO S.A. PETROBRAS;861524;5184;2592;3701760571;49.738000;4566445852;81.514000;8268206423;63.385000;2023-04-27
33.035.536/0001-00;2023-12-31;4;135887;JOAO FORTES ENGENHARIA S.A. - EM RECUPERAÇÃO JUDICIAL;5324;19;1;2016772;9.585000;0;0.000000;2016772;9.585000;2024-04-17
33.040.601/0001-87;2023-12-31;4;136154;MERCANTIL FINANCEIRA S.A. - CRÉDITO, FINANCIAMENTO E INVESTI;1109;107;5;456065;4.458000;1810235;22.505000;2266300;12.402000;2023-07-12
33.041.260/0652-90;2023-12-31;23;137451;GRUPO CASAS BAHIA S.A.;316344;1079;395;94965690;99.876000;0;0.000000;94965690;99.876000;2024-04-30
33.042.730/0001-04;2023-12-31;9;137659;CIA SIDERURGICA NACIONAL;94973;1642;1616;600865451;45.311000;0;0.000000;600865451;45.311000;2023-04-28
33.050.071/0001-58;2023-12-31;14;135754;AMPLA ENERGIA E SERVICOS S.A.;1052;36;5;479608;0.200000;0;0.000000;479608;0.200000;2023-04-26
33.050.196/0001-88;2023-12-31;5;136539;CIA PAULISTA DE FORCA E LUZ;0;1;0;0;0.000000;0;0.000000;0;0.000000;2023-05-23
33.066.408/0001-15;2023-12-31;1;124002;EMPRESA FINANCEIRA;1;1;1;1;0.000000;0;0.000000;1;0.000000;2017-01-01
33.102.476/0001-92;2023-12-31;4;137041;MONTEIRO ARANHA S.A.;256;8;13;563641;4.601000;0;0.000000;563641;4.601000;2023-04-28
33.113.309/0001-47;2023-12-31;12;136868;VALID SOLUÇÕES S.A.;17430;231;201;77797532;95.065000;0;0.000000;77797532;95.065000;2024-04-30
33.130.691/0001-05;2023-12-31;6;135829;WILSON SONS S.A.;962;12;87;191324900;43.484000;0;0.000000;191324900;43.484000;2022-05-16
33.200.049/0001-47;2023-12-31;1;127255;HOTEIS OTHON S.A. - EM RECUPERAÇÃO JUDICIAL;1987;40;10;193004;1.842000;2369881;30.019000;2562885;13.950000;2022-04-29
33.228.024/0001-51;2023-12-31;3;136911;WLM PART. E COMÉRCIO DE MÁQUINAS E VEÍCULOS S.A.;4336;25;19;810490;4.891000;4690765;23.639000;5501255;15.107000;2023-04-28
33.256.439/0001-39;2023-12-31;7;137601;ULTRAPAR PARTICIPACOES S.A.;34995;829;1522;1087228062;97.474000;0;0.000000;1087228062;97.474000;2023-04-19
33.352.394/0001-04;2023-12-31;5;135886;CIA ESTADUAL DE ÁGUAS E ESGOTOS - CEDAE;666;7;0;2450;0.000000;0;0.000000;2450;0.000000;2020-12-31
33.376.989/0001-91;2023-12-31;13;137703;IRB - BRASIL RESSEGUROS S.A.;253663;1115;356;81838843;99.484000;0;0.000000;81838843;99.484000;2023-04-20
33.386.210/0001-19;2023-12-31;1;127857;SONDOTECNICA ENGENHARIA SOLOS S.A.;812;8;13;20565;2.402000;299542;18.699000;320107;13.024000;2023-04-28
33.412.081/0001-96;2023-12-31;3;135019;REFINARIA DE PETROLEOS MANGUINHOS S.A.;5918;34;0;22520769;33.270000;0;0.000000;22520769;33.270000;2023-08-31
33.453.598/0001-23;2023-03-31;17;130598;RAÍZEN S.A.;120450;655;364;0;0.000000;1193671389;87.839000;1193671389;87.839000;2023-07-26
33.467.572/0001-34;2023-12-31;2;136507;TEKNO S.A. - INDUSTRIA E COMERCIO;515;12;7;379215;23.894000;553809;40.700000;933024;31.651000;2023-04-27
33.541.368/0001-16;2023-12-31;6;136210;CIA HIDRO ELÉTRICA DO SÃO FRANCISCO;0;1;0;0;0.000000;0;0.000000;0;0.000000;2023-01-04
33.572.408/0001-97;2023-12-31;5;136586;RUMO MALHA CENTRAL S.A.;0;1;0;0;0.000000;0;0.000000;0;0.000000;2021-11-11
33.592.510/0001-54;2023-12-31;22;137025;VALE S.A.;528853;15049;1193;4427123466;97.535000;12;100.000000;4427123478;97.535000;2023-04-28
33.611.500/0001-19;2023-12-31;13;138034;GERDAU S.A.;270656;3585;1350;17679115;2.453000;1246339197;89.804000;1264018312;59.949000;2024-04-16
33.839.910/0001-11;2023-12-31;10;136574;VIVARA PARTICIPAÇÕES S.A.;39571;145;798;125823025;53.270000;0;0.000000;125823025;53.270000;2023-04-27
33.938.119/0001-69;2023-12-31;5;137821;CIA DISTRIB DE GAS DO RIO DE JANEIRO-CEG;142;11;6;417891;0.161000;0;0.000000;417891;0.161000;2023-04-28
33.958.695/0001-78;2023-12-31;15;135966;UNIPAR CARBOCLORO S.A.;82389;850;42;10328833;25.861000;52603104;70.775000;62931937;55.076000;2023-04-20
34.169.557/0001-72;2023-12-31;4;130647;BCO MERCANTIL DE INVESTIMENTOS S.A.;2120;355;4;83586;2.031000;324787;45.728000;408373;8.463000;2023-07-10
34.274.233/0001-02;2023-12-31;22;138000;VIBRA ENERGIA S/A;74571;426;996;1114613709;99.608000;0;0.000000;1114613709;99.608000;2023-04-27
35.522.178/0001-87;2023-12-31;2;133348;CIA SECURITIZADORA DE CRED. FIN. CARTÕES CONSIGNADOS II;0;2;0;0;0.000000;0;0.000000;0;0.000000;2021-09-16
35.593.905/0001-05;2023-12-31;7;135936;CONCESSIONÁRIA ECOVIAS DO CERRADO S.A.;0;1;0;0;0.000000;0;0.000000;0;0.000000;2024-04-16
35.727.157/0001-06;2023-12-31;3;137551;EZ INC INCORPORAÇÕES COMERCIAIS S.A.;0;1;0;0;0.000000;0;0.000000;0;0.000000;2024-04-25
35.791.391/0001-94;2023-12-31;9;138043;QUALITY SOFTWARE S.A.;7;1;1;0;0.000000;0;0.000000;0;0.000000;2023-04-30
35.822.503/0001-27;2023-12-31;6;138054;INSPIRALI EDUCAÇÃO S.A.;0;1;1;0;0.000000;0;0.000000;0;0.000000;2022-03-31
35.980.592/0001-30;2023-12-31;1;128158;ELEA DIGITAL INFRAESTRUTURA E REDES DE TELECOMUNICAÇÕES S.A.;0;1;0;74720161;100.000000;0;0.000000;74720161;100.000000;2022-01-19
36.146.575/0001-64;2023-12-31;3;128330;EIXO SP CONCESSIONÁRIA DE RODOVIAS S.A.;0;1;0;0;0.000000;0;0.000000;0;0.000000;2021-04-30
36.542.025/0001-64;2023-12-31;5;134174;BRQ SOLUCOES EM INFORMATICA S.A.;16;1;0;0;0.000000;0;0.000000;0;0.000000;2023-04-19
36.763.716/0001-98;2023-12-31;4;140333;CONCESSIONÁRIA CATARINENSE DE RODOVIAS S.A.;0;1;0;0;0.000000;0;0.000000;0;0.000000;2023-04-12
37.663.076/0001-07;2023-12-31;15;137741;AES BRASIL ENERGIA S.A.;209292;674;312;317103937;52.681000;0;0.000000;317103937;52.681000;2023-04-27
37.702.340/0001-74;2023-12-31;2;130746;MONTE RODOVIAS S.A.;0;2;0;0;0.000000;0;0.000000;0;0.000000;2021-07-09
38.042.694/0001-00;2023-12-31;3;133164;TRAVESSIA SECURITIZADORA DE CRÉDITOS FINANCEIROS S.A.;1;1;0;500;100.000000;0;0.000000;500;100.000000;2020-07-03
38.199.406/0001-18;2023-12-31;2;133614;RIO ALTO ENERGIAS RENOVÁVEIS S.A.;2;0;0;0;0.000000;0;0.000000;0;0.000000;2023-12-14
38.307.135/0001-77;2023-12-31;4;135507;G2D INVESTMENTS, LTD.;10992;114;54;30080393;26.144000;0;0.000000;30080393;26.144000;2022-05-11
38.456.921/0001-36;2023-12-31;14;136778;INFRACOMMERCE CXAAS S.A.;20422;87;136;524213012;82.232000;0;0.000000;524213012;82.232000;2024-04-30
38.482.780/0001-26;2023-12-31;4;134652;ANEMUS WIND HOLDING S.A.;0;3;0;0;0.000000;0;0.000000;0;0.000000;2023-07-13
39.115.514/0001-28;2023-12-31;4;136587;RUMO MALHA OESTE S.A.;0;1;0;0;0.000000;0;0.000000;0;0.000000;2019-04-30
39.346.861/0350-38;2023-12-31;7;137657;CENCOSUD BRASIL COMERCIAL S.A.;0;2;0;0;0.000000;0;0.000000;0;0.000000;2023-04-27
39.580.673/0001-01;2023-12-31;6;137846;BRK AMBIENTAL - REGIÃO METROPOLITANA DE MACEIÓ S.A.;0;1;0;0;0.000000;0;0.000000;0;0.000000;2023-03-31
39.881.421/0001-04;2023-12-31;2;137198;COMPANHIA ESTADUAL DE GERAÇÃO DE ENERGIA ELÉTRICA - CEEE-G;124;213;1;43167;0.455000;56817;39.038000;99984;1.038000;2023-05-04
40.159.947/0001-64;2023-12-31;7;137862;HMOBI PARTICIPAÇÕES S.A.;0;1;3;889109056;48.476000;0;0.000000;889109056;48.476000;2021-11-08
40.180.943/0001-68;2023-12-31;3;131377;REFINARIA DE MANAUS S.A.;3;0;0;0;0.000000;0;0.000000;0;0.000000;2023-09-30
40.263.170/0001-83;2023-12-31;4;135922;SOLVI ESSENCIS AMBIENTAL S.A.;0;1;0;0;0.000000;0;0.000000;0;0.000000;2022-06-30
40.337.136/0001-06;2023-12-31;11;137840;TERRA SANTA PROPRIEDADES AGRÍCOLAS S.A.;4557;24;73;52520370;54.580000;0;0.000000;52520370;54.580000;2024-04-26
40.480.481/0001-02;2023-12-31;1;129132;RIO ALTO STL HOLDING I S.A.;1;1;0;0;0.000000;0;0.000000;0;0.000000;2022-10-31
40.593.395/0001-06;2023-12-31;3;128889;IFIN PARTICIPAÇÕES S.A.;0;1;0;0;0.000000;0;0.000000;0;0.000000;2022-05-31
40.997.635/0001-20;2023-12-31;4;133166;PORTO DE VITORIA COMPANHIA SECURITIZADORA DE CREDITOS FINANC;1;1;0;0;0.000000;0;0.000000;0;0.000000;2021-04-19
41.052.420/0001-07;2023-12-31;7;132838;SOLAR BEBIDAS S.A.;15;5;0;213600847;17.948000;427201688;37.443000;640802535;27.490000;2022-04-28
41.096.674/0001-19;2023-12-31;6;136716;CANTU STORE S.A.;1;0;1;0;0.000000;49483963;100.000000;49483963;23.968000;2023-02-08
41.335.131/0001-07;2023-12-31;1;128430;MOTTU I S.A;0;1;0;13626598;100.000000;0;0.000000;13626598;100.000000;2022-12-20
41.508.382/0001-46;2023-12-31;3;136191;RODOVIAS DO BRASIL HOLDING S.A.;0;2;0;0;0.000000;0;0.000000;0;0.000000;2022-07-22
41.570.356/0001-48;2023-12-31;10;133426;VRENTAL LOCAÇÃO DE MÁQUINAS E EQUIPAMENTOS S.A.;6;1;1;10322303;32.898000;0;0.000000;10322303;32.898000;2023-04-27
41.886.692/0001-02;2023-12-31;4;137399;CONCESSIONARIA ROTA DE SANTA MARIA S.A;0;2;0;300000000;100.000000;0;0.000000;300000000;100.000000;2023-05-14
42.150.391/0001-70;2023-12-31;11;137858;BRASKEM S.A.;63709;3415;198;12906179;2.857000;265867190;76.943000;278773369;34.969000;2024-04-29
42.233.757/0001-75;2023-12-31;1;128045;ALVAREZ & MARSAL INVESTIMENTOS I S.A.;1;1;0;0;0.000000;0;0.000000;0;0.000000;2023-04-25
42.278.291/0001-24;2023-12-31;10;137740;LOG-IN LOGISTICA INTERMODAL S.A.;5836;83;125;26243392;24.456000;0;0.000000;26243392;24.456000;2023-04-18
42.278.473/0001-03;2023-12-31;9;137096;WIZ CO PARTICIPAÇÕES E CORRETAGEM DE SEGUROS S.A.;83284;392;72;75273443;47.073000;0;0.000000;75273443;47.073000;2023-04-28
42.292.007/0001-74;2023-12-31;7;137083;RIO+ SANEAMENTO BL 3 S.A.;0;1;0;0;0.000000;0;0.000000;0;0.000000;2023-04-28
42.310.775/0001-03;2023-12-31;10;134152;ÁGUAS DO RIO 1 SPE S.A.;0;1;0;0;0.000000;0;0.000000;0;0.000000;2023-11-29
42.331.462/0001-31;2023-12-31;5;133674;EMBPAR PARTICIPAÇÕES S/A;1052;14;0;1919693;12.918000;0;0.000000;1919693;12.918000;2023-04-28
42.353.180/0001-35;2023-12-31;6;135470;IGUÁ RIO DE JANEIRO S.A.;0;1;0;510001000;91.071000;0;0.000000;510001000;91.071000;2022-02-07
42.500.384/0001-51;2023-12-31;6;134406;SERENA ENERGIA S.A.;8612;98;312;334702211;53.748000;0;0.000000;334702211;53.748000;2023-04-28
42.644.220/0001-06;2023-12-31;10;134153;ÁGUAS DO RIO 4 SPE S.A.;0;1;0;0;0.000000;0;0.000000;0;0.000000;2023-11-29
42.737.954/0001-21;2023-12-31;9;134281;INTER & CO, INC.;139438;541;378;321953435;73.339000;0;0.000000;321953435;73.339000;2023-04-28
42.771.949/0001-35;2023-12-31;19;137491;ALLIANÇA SAÚDE E PARTICIPAÇÕES S.A.;4265;26;154;7317279;6.186000;0;0.000000;7317279;6.186000;2023-12-29
43.185.362/0001-07;2023-12-31;1;127680;IGB ELETRONICA S.A - EM RECUPERACAO JUDICIAL;1834;19;0;1250496;100.000000;0;0.000000;1250496;100.000000;2020-07-31
43.283.811/0001-50;2023-12-31;1;127902;KALUNGA S.A;2;0;0;0;0.000000;0;0.000000;0;0.000000;2020-09-30
43.335.774/0001-86;2023-12-31;3;133168;TRAVESSIA SECURITIZADORA DE CRÉDITOS MERCANTIS VI S.A.;1;1;0;0;0.000000;0;0.000000;0;0.000000;2022-05-18
43.470.988/0001-65;2023-12-31;11;137609;EVEN CONSTRUTORA E INCORPORADORA S.A.;20768;78;211;191840882;95.920000;0;0.000000;191840882;95.920000;2023-04-28
43.513.237/0001-89;2023-12-31;1;131652;AUTOMOB S.A.;8;1;0;0;0.000000;0;0.000000;0;0.000000;2023-08-23
43.514.079/0001-81;2023-12-31;7;136167;CLI SUL S.A.;0;2;0;0;0.000000;0;0.000000;0;0.000000;2024-04-29
43.776.517/0001-80;2023-12-31;11;136741;CIA SANEAMENTO BASICO EST SAO PAULO;31775;1812;261;340001799;49.744000;0;0.000000;340001799;49.744000;2023-04-28
43.948.405/0001-69;2023-12-31;2;136669;LUPO S.A.;79;4;0;0;0.000000;0;0.000000;0;0.000000;2023-04-25
44.067.725/0001-72;2023-12-31;3;132608;VIA BRASIL BR 163 CONCESSIONÁRIA DE RODOVIAS S.A.;0;1;0;0;0.000000;0;0.000000;0;0.000000;2022-10-18
44.319.688/0001-42;2023-12-31;2;135949;CONCESSIONÁRIA DO SISTEMA RODOVIÁRIO RIO-SÃO PAULO S.A;0;1;0;0;0.000000;0;0.000000;0;0.000000;2023-04-18
44.854.238/0001-50;2023-12-31;3;135504;PARSAN S.A.;0;6;0;0;0.000000;0;0.000000;0;0.000000;2024-01-08
45.242.914/0001-05;2023-12-31;4;131429;C&A MODAS S.A.;38958;162;219;103292235;33.510000;0;0.000000;103292235;33.510000;2023-04-28
45.365.558/0001-09;2023-12-31;9;137671;VITTIA S.A.;4717;201;182;53869719;34.819000;0;0.000000;53869719;34.819000;2024-04-25
45.453.214/0001-51;2023-12-31;9;137936;PROFARMA DISTRIB PROD FARMACEUTICOS S.A.;11176;129;78;87499778;70.671000;0;0.000000;87499778;70.671000;2023-04-27
45.456.117/0001-12;2023-12-31;4;133995;ÁGUAS DO SERTÃO S.A.;0;1;0;0;0.000000;0;0.000000;0;0.000000;2023-02-13
45.736.131/0001-70;2023-12-31;7;133354;UNIDAS LOCADORA S.A.;0;0;1;0;0.000000;0;0.000000;0;0.000000;2023-07-01
45.987.245/0001-92;2023-12-31;9;136700;BAHEMA EDUCAÇÃO S.A.;1020;41;18;7195805;27.267000;0;0.000000;7195805;27.267000;2023-04-28
46.119.855/0001-37;2023-12-31;5;133162;SOCIEDADE ABASTECIMENTO DE ÁGUA E SANEAMENTO S.A - SANASA;2;4;0;50115;0.008000;0;0.000000;50115;0.008000;2022-04-29
47.508.411/0001-56;2023-12-31;9;134287;CIA BRASILEIRA DE DISTRIBUICAO;49614;852;857;159430826;59.018000;0;0.000000;159430826;59.018000;2023-04-26
47.509.120/0001-82;2023-12-31;8;137003;BRADESCO LEASING S.A. ARREND MERCANTIL;0;1;0;0;0.000000;0;0.000000;0;0.000000;2023-04-28
47.586.663/0001-01;2023-12-31;2;128487;NOVA SOCIEDADE DE NAVEGAÇÃO S.A.;0;2;0;0;0.000000;0;0.000000;0;0.000000;2022-09-22
47.960.950/0001-21;2023-12-31;6;136524;MAGAZINE LUIZA S.A.;651826;1610;888;3517574129;47.599000;0;0.000000;3517574129;47.599000;2024-03-21
48.344.725/0007-19;2023-12-31;1;127742;ALTHAIA S.A. INDÚSTRIA FARMACÊUTICA;19;1;0;0;0.000000;0;0.000000;0;0.000000;2021-08-27
49.263.189/0001-02;2023-12-31;5;137787;HELBOR EMPREENDIMENTOS S.A.;33480;212;51;65595478;48.970000;0;0.000000;65595478;48.970000;2023-04-28
49.314.049/0001-08;2023-12-31;2;135346;CONCESSIONÁRIA DE RODOVIAS NOROESTE PAULISTA S.A;0;1;0;0;0.000000;0;0.000000;0;0.000000;2024-02-22
49.669.856/0001-43;2023-12-31;11;137826;VESTE S.A. ESTILO;9468;53;38;110073469;96.555000;0;0.000000;110073469;96.555000;2023-09-29
50.564.053/0001-03;2023-12-31;5;137135;BOMBRIL S.A.;10606;45;3;137615317;100.000000;122894461;100.000000;260509778;100.000000;2023-03-31
50.746.577/0001-15;2023-12-31;13;136131;COSAN S.A.;124208;852;1097;1168966848;62.376000;0;0.000000;1168966848;62.376000;2023-04-27
50.926.955/0001-42;2023-12-31;9;136697;VULCABRAS S.A.;12458;64;172;95400547;34.735000;0;0.000000;95400547;34.735000;2023-04-25
51.128.999/0001-90;2023-12-31;6;136010;NUTRIPLANT INDUSTRIA E COMERCIO S.A.;428;8;1;3253400;24.564000;0;0.000000;3253400;24.564000;2023-04-28
51.218.147/0001-93;2023-12-31;2;128182;IGUATEMI EMPRESA DE SHOPPING CENTERS S.A;0;1;0;0;0.000000;0;0.000000;0;0.000000;2023-04-20
51.466.860/0001-56;2023-03-31;7;129782;SAO MARTINHO S.A.;13040;129;638;143294210;40.477295;0;0.000000;143294210;40.477295;2022-07-29
51.928.174/0001-50;2023-12-31;7;137125;PLASCAR PARTICIPACOES INDUSTRIAIS S.A.;1105;18;0;4970927;40.006000;0;0.000000;4970927;40.006000;2024-04-30
52.123.916/0001-32;2023-12-31;3;131674;DORI ALIMENTOS S.A.;0;1;0;0;0.000000;0;0.000000;0;0.000000;2023-09-29
52.548.435/0001-79;2023-12-31;9;136718;JSL S.A.;6806;36;129;63191829;22.062000;0;0.000000;63191829;22.062000;2023-04-26
53.113.791/0001-22;2023-12-31;9;136153;TOTVS S.A.;39157;316;1115;540206440;87.528000;0;0.000000;540206440;87.528000;2024-04-23
56.444.250/0001-75;2023-12-31;1;127609;HAUSCENTER SA;3;1;0;2327;100.000000;0;0.000000;2327;100.000000;2020-06-12
56.643.018/0001-66;2023-12-31;7;137433;EUCATEX S.A. INDUSTRIA E COMERCIO;6001;25;117;588537;1.883000;51230041;83.489000;51818578;55.948000;2023-04-26
56.720.428/0001-63;2023-12-31;7;135647;ROMI S.A.;51223;66;248;49889207;53.546000;0;0.000000;49889207;53.546000;2024-03-26
56.992.423/0001-90;2023-12-31;2;136160;BICICLETAS MONARK S.A.;461;21;1;100044;22.000000;0;0.000000;100044;22.000000;2023-04-28
58.119.199/0001-51;2023-12-31;7;137798;ODONTOPREV S.A.;42362;196;309;257037168;46.523000;0;0.000000;257037168;46.523000;2024-04-03
58.430.828/0001-60;2023-12-31;4;136915;BLAU FARMACÊUTICA S.A.;17431;69;303;29830740;16.629000;0;0.000000;29830740;16.629000;2023-04-19
59.105.999/0001-86;2023-12-31;9;137424;WHIRLPOOL S.A.;10658;42;20;8197233;0.797000;20503796;4.325000;28701029;1.910000;2023-04-27
59.285.411/0001-13;2023-12-31;17;137010;BCO PAN S.A.;72434;857;263;2;0.000000;327696379;53.229000;327696381;25.738000;2023-04-28
59.418.806/0001-47;2023-12-31;7;136807;TRACK & FIELD CO S.A.;3784;11;103;0;0.000000;53747151;74.656000;53747151;5.662000;2024-04-26
59.717.553/0001-02;2023-12-31;8;135997;GRUPO MULTI S.A.;25893;107;139;476128588;58.026000;0;0.000000;476128588;58.026000;2023-07-27
59.789.545/0001-71;2023-12-31;2;130853;POLPAR S.A.;11;2;0;0;0.000000;0;0.000000;0;0.000000;2023-09-01
59.981.829/0001-65;2023-12-31;5;138010;RODOBENS SA;8;1;0;0;0.000000;0;0.000000;0;0.000000;2022-03-30
60.398.369/0004-79;2023-12-31;9;137060;PARANAPANEMA S.A. - EM RECUPERAÇÃO JUDICIAL;23102;188;20;56607699;100.000000;0;0.000000;56607699;100.000000;2023-04-19
60.444.437/0001-46;2023-12-31;7;136668;LIGHT SERVICOS DE ELETRICIDADE S.A.;0;1;0;0;0.000000;0;0.000000;0;0.000000;2023-04-28
60.476.884/0001-87;2023-12-31;15;137603;MAHLE-METAL LEVE S.A.;59270;414;195;52865876;39.004000;0;0.000000;52865876;39.004000;2023-04-27
60.500.139/0001-26;2023-12-31;11;131217;SARAIVA LIVREIROS S.A. - EM RECUPERAÇÃO JUDICIAL;12300;98;0;321904;47.915000;8859819;98.846000;9181723;95.295000;2023-04-28
60.537.263/0001-66;2023-12-31;7;137619;ALLPARK EMPREENDIMENTOS, PARTICIPAÇÕES E SERVIÇOS S.A.;5853;40;42;88646537;40.846000;0;0.000000;88646537;40.846000;2023-04-26
60.543.816/0001-93;2023-12-31;13;135854;IGUATEMI S.A.;53340;1325;46;238298510;30.362000;435244276;99.140000;673542786;55.034000;2023-04-20
60.651.809/0001-05;2023-12-31;5;137466;SUZANO HOLDING S.A.;23;2;0;0;0.000000;0;0.000000;0;0.000000;2024-04-29
60.665.981/0001-18;2023-12-31;4;135803;UNIÃO QUÍMICA FARMACÊUTICA NACIONAL S.A.;2;2;0;0;0.000000;0;0.000000;0;0.000000;2023-04-25
60.730.348/0001-66;2023-12-31;2;131732;CIA MELHORAMENTOS DE SAO PAULO;257;22;3;329813;5.857000;425497;55.017000;755310;11.794000;2023-04-28
60.746.948/0001-12;2023-12-31;27;137689;BCO BRADESCO S.A.;844391;34573;1129;1489259656;27.939000;5135772281;96.685000;6625031937;62.253000;2024-02-22
60.770.336/0001-65;2023-12-31;20;135011;BCO ALFA DE INVESTIMENTO S.A.;24892;2658;82;5554819;10.386000;10397128;29.606000;15951947;18.004000;2023-03-30
60.840.055/0001-31;2023-12-31;12;136614;FLEURY S.A.;201462;237;874;240822651;44.011000;0;0.000000;240822651;44.011000;2023-04-28
60.851.615/0001-53;2023-12-31;5;137770;BARDELLA S.A. INDUSTRIAS MECANICAS EM RECUPERAÇÃO JUDICIAL;959;18;14;253806;41.800000;977179;98.426000;1230985;76.937000;2023-04-28
60.872.504/0001-23;2023-12-31;11;136081;ITAU UNIBANCO HOLDING S.A.;513029;13414;1569;402586896;8.119000;4791715383;98.883000;5194302279;52.981000;2024-04-23
60.884.319/0001-59;2023-12-31;1;127809;NORDON INDUSTRIAS METALURGICAS S.A.;333;10;0;71121;1.074000;0;0.000000;71121;1.074000;2017-04-27
60.894.730/0001-05;2023-12-31;19;137617;USINAS SID DE MINAS GERAIS S.A.-USIMINAS;180139;1354;410;161021803;22.832000;515183652;94.043000;676205455;53.964000;2023-04-27
60.933.603/0001-78;2023-12-31;5;136998;CESP - CIA ENERGETICA DE SAO PAULO;0;1;0;0;0.000000;0;0.000000;0;0.000000;2022-04-29
61.022.042/0001-18;2023-12-31;5;137673;CONSTRUTORA ADOLPHO LINDENBERG S.A.;445;9;0;453236;12.181000;0;0.000000;453236;12.181000;2022-04-28
61.065.298/0001-02;2023-12-31;3;134156;MANGELS INDUSTRIAL S.A.;1311;17;9;1547;0.075000;2833965;76.264000;2835512;49.030000;2022-04-26
61.065.751/0001-80;2023-12-31;4;137803;ROSSI RESIDENCIAL S.A. - EM RECUPERAÇÃO JUDICIAL;4239;65;32;18988602;94.943000;0;0.000000;18988602;94.943000;2023-04-30
61.079.117/0001-05;2023-12-31;15;137696;ALPARGATAS S.A.;20123;840;196;23066124;6.794000;166460180;48.453000;189526304;27.747000;2024-04-26
61.080.313/0001-91;2023-12-31;1;124818;COBRASMA S.A.;2539;36;0;17667940;43.837000;61974046;99.508000;79641986;77.635000;2016-04-30
61.082.004/0001-50;2023-12-31;5;136114;MANUFATURA DE BRINQUEDOS ESTRELA S.A.;875;25;0;142160;5.276000;5388860;99.997000;5531020;68.424000;2023-04-27
61.088.894/0001-08;2023-12-31;5;135748;CAMBUCI S.A.;3569;30;27;21069676;49.839000;0;0.000000;21069676;49.839000;2023-04-12
61.092.037/0001-81;2023-12-31;9;137774;ETERNIT S.A. - EM RECUPERAÇÃO JUDICIAL;24663;177;89;60677201;98.220000;0;0.000000;60677201;98.220000;2023-06-07
61.156.113/0001-75;2023-12-31;10;137505;IOCHPE MAXION S.A.;49666;384;404;130262282;84.740000;0;0.000000;130262282;84.740000;2023-04-28
61.156.931/0001-78;2023-12-31;2;129749;SIDERURGICA J. L. ALIPERTI S.A.;4;1;0;1334;21.344000;7832;63.443000;9166;49.293000;2022-04-29
61.186.680/0001-74;2023-12-31;15;136646;BANCO BMG S/A;79889;252;14;26868119;7.209000;133217443;63.275000;160085562;27.448000;2023-04-28
61.189.288/0001-89;2023-12-31;21;138004;MARISA LOJAS S.A.;46225;192;39;31628685;46.127000;0;0.000000;31628685;46.127000;2023-10-03
61.190.096/0001-92;2023-12-31;13;135902;EUROFARMA LABORATÓRIOS S.A.;1;2;0;0;0.000000;0;0.000000;0;0.000000;2023-12-28
61.351.532/0001-68;2023-12-31;13;137928;AZEVEDO E TRAVASSOS S.A.;19016;90;80;25959924;45.225000;74119128;67.131000;100079052;59.638000;2023-11-17
61.374.161/0001-30;2023-12-31;3;131057;BAUMER S.A.;945;23;0;528480;10.785000;2889825;58.976000;3418305;34.881000;2023-04-28
61.409.892/0001-73;2023-12-31;4;136682;COMPANHIA BRASILEIRA DE ALUMÍNIO;37221;652;373;204466658;31.405000;0;0.000000;204466658;31.405000;2024-01-18
61.486.650/0001-83;2023-12-31;19;136991;DIAGNOSTICOS DA AMERICA S.A.;5974;47;247;146008342;19.395000;0;0.000000;146008342;19.395000;2024-05-10
61.532.644/0001-15;2023-12-31;6;137667;ITAÚSA S.A.;936740;4044;0;1294957796;36.485000;5560910983;82.033000;6855868779;66.380000;2023-04-28
61.584.140/0001-49;2023-12-31;3;137086;REDE ENERGIA PARTICIPAÇÕES S.A.;7476;3;0;51864504;2.458000;0;0.000000;51864504;2.458000;2023-04-26
61.585.865/0001-51;2023-12-31;10;137915;RAIA DROGASIL S.A.;53700;213;1481;1279770315;74.492000;0;0.000000;1279770315;74.492000;2024-04-17
61.695.227/0001-93;2023-12-31;10;137244;ELETROPAULO METROP. ELET. SAO PAULO S.A.;0;1;0;0;0.000000;0;0.000000;0;0.000000;2022-04-18
61.856.571/0001-17;2023-12-31;8;137500;CIA GAS DE SAO PAULO - COMGAS;6051;98;8;163435;0.157000;975775;3.405000;1139210;0.860000;2023-04-26
62.002.886/0001-60;2023-12-31;10;137895;SAO PAULO TURISMO S.A.;2783;875;0;170215;2.024000;107515;79.045000;277730;3.251000;2023-04-27
62.070.362/0001-06;2023-12-31;7;135617;COMPANHIA DO METROPOLITANO DE SÃO PAULO - METRÔ;0;3;0;203203;2.401000;0;0.000000;203203;2.401000;2023-04-26
62.144.175/0001-20;2023-12-31;33;136647;BCO PINE S.A;13882;70;6;235904;0.223000;52762493;50.527000;52998397;25.206000;2022-05-25
62.232.889/0001-90;2023-12-31;3;133524;BCO DAYCOVAL S.A.;5;0;0;0;0.000000;0;0.000000;0;0.000000;2020-03-05
62.258.884/0001-36;2023-12-31;5;137829;INTERCEMENT BRASIL S.A.;0;2;0;0;0.000000;0;0.000000;0;0.000000;2023-04-27
62.307.848/0001-15;2023-12-31;9;137951;BANCO RCI BRASIL S.A.;0;2;0;0;0.000000;0;0.000000;0;0.000000;2022-04-29
62.984.091/0001-02;2023-12-31;11;137707;CRUZEIRO DO SUL EDUCACIONAL S.A.;8316;161;56;45175512;12.392000;0;0.000000;45175512;12.392000;2024-05-10
64.904.295/0001-03;2023-02-28;6;128875;CAMIL ALIMENTOS S.A.;41831;118;90;99939997;28.554285;0;0.000000;99939997;28.554285;2023-02-27
65.654.303/0001-73;2023-12-31;4;136080;DIBENS LEASING S.A. - ARREND.MERCANTIL;0;2;0;0;0.000000;0;0.000000;0;0.000000;2024-04-30
67.010.660/0001-24;2023-12-31;6;137136;RNI NEGÓCIOS IMOBILIÁRIOS S.A.;961;38;9;15037435;34.356000;0;0.000000;15037435;34.356000;2023-04-28
67.571.414/0001-41;2023-12-31;18;136928;VIVER INCORPORADORA E CONSTRUTORA S.A.;23445;51;15;27173335;99.366000;0;0.000000;27173335;99.366000;2024-01-12
67.620.377/0001-14;2023-12-31;9;136838;MINERVA S.A.;57821;357;724;261036182;42.984000;0;0.000000;261036182;42.984000;2023-04-18
68.400.225/0001-79;2023-06-30;4;130053;CLARANET TECHNOLOGY S.A.;1;2;0;118974393;100.000000;0;0.000000;118974393;100.000000;2023-07-27
71.208.516/0001-74;2023-12-31;5;135508;ALGAR TELECOM S/A;529;281;0;82479349;27.957000;0;0.000000;82479349;27.957000;2023-04-25
71.476.527/0001-35;2023-12-31;16;136098;CONSTRUTORA TENDA S.A.;18986;575;0;121480372;98.689000;0;0.000000;121480372;98.689000;2024-04-24
71.673.990/0001-77;2023-12-31;3;133746;NATURA COSMETICOS S.A.;0;1;0;0;0.000000;0;0.000000;0;0.000000;2023-04-28
73.178.600/0001-18;2023-12-31;6;137801;CYRELA BRAZIL REALTY S.A.EMPREEND E PART;90709;1090;355;265784616;66.489000;0;0.000000;265784616;66.489000;2023-04-27
73.903.718/0001-61;2023-12-31;1;127475;SNB PARTICIPACOES SA;1;1;0;0;0.000000;0;0.000000;0;0.000000;2019-04-25
75.315.333/0001-09;2023-12-31;15;135906;ATACADÃO S.A.;17461;299;390;533990587;25.328000;0;0.000000;533990587;25.328000;2023-11-17
75.609.123/0001-23;2023-12-31;14;134259;UNIDAS LOCAÇÕES E SERVIÇOS S.A.;0;0;1;0;0.000000;0;0.000000;0;0.000000;2023-09-27
76.483.817/0001-20;2023-12-31;20;136123;CIA PARANAENSE DE ENERGIA - COPEL;369238;1698;662;1300330190;99.999000;1682361591;99.994000;2982691781;99.996000;2023-07-10
76.484.013/0001-45;2023-12-31;13;137663;CIA SANEAMENTO DO PARANA - SANEPAR;477645;1117;561;201081482;39.918000;1007470249;100.000000;1208551731;79.973000;2023-04-28
76.535.764/0001-43;2023-12-31;16;137764;OI S.A. - EM RECUPERAÇÃO JUDICIAL;468627;33778;442;580061065;90.006000;15589619;98.851000;595650684;90.218000;2023-08-21
76.627.504/0001-06;2023-12-31;14;137778;INEPAR S.A. INDUSTRIA E CONSTRUCOES EM RECUPERACAO JUDICIAL;0;0;0;31978720;100.000000;12627232;100.000000;44605952;100.000000;2024-05-20
79.430.682/0001-22;2023-12-31;6;135921;FARMÁCIA E DROGARIA NISSEI S.A.;0;1;0;0;0.000000;0;0.000000;0;0.000000;2023-12-07
80.680.093/0001-81;2023-12-31;2;133245;SENIOR SISTEMAS S.A.;65;21;0;61019;4.806000;0;0.000000;61019;4.806000;2022-04-18
81.106.957/0001-19;2023-12-31;2;130562;DESCARBONIZE SOLUÇÕES S.A.;0;0;1;0;0.000000;0;0.000000;0;0.000000;2023-08-04
81.243.735/0001-48;2023-12-31;14;137753;POSITIVO TECNOLOGIA S.A.;33994;115;273;73410953;51.771000;0;0.000000;73410953;51.771000;2023-04-28
81.616.807/0001-55;2023-12-31;5;133328;GRANJA FARIA S.A.;1;1;1;0;0.000000;0;0.000000;0;0.000000;2023-05-29
82.120.676/0001-83;2023-12-31;1;127897;ALMEIDA JUNIOR SHOPPING CENTERS S.A.;1;1;0;0;0.000000;0;0.000000;0;0.000000;2021-06-26
82.508.433/0001-17;2023-12-31;6;135666;CIA CATARINENSE DE AGUAS E SANEAM.-CASAN;107;18;125;57459;0.011000;48242;0.009000;105701;0.010000;2023-10-17
82.636.986/0001-55;2023-12-31;9;135685;TEKA-TECELAGEM KUEHNRICH S.A. - EM RECUPERAÇÃO JUDICIAL;1042;24;0;19314;11.502000;169340;50.513000;188654;37.494000;2023-04-27
82.640.558/0001-04;2023-12-31;5;135562;KARSTEN S.A.;1037;194;43;66945;2.326000;730932;21.970000;797877;12.858000;2022-04-29
82.643.537/0001-34;2023-12-31;8;137145;ELECTRO ACO ALTONA S.A.;5841;21;25;2801001;28.728000;10646970;83.506000;13447971;59.769000;2023-08-21
82.901.000/0001-27;2023-12-31;3;135975;INTELBRAS S.A. IND. DE TELECOMUNICAÇÃO ELETRÔNICA BRASILEIRA;25725;146;221;114286318;34.885000;0;0.000000;114286318;34.885000;2024-04-18
82.982.075/0001-80;2023-12-31;2;130627;TEXTIL RENAUXVIEW S.A.;1401;32;1;171328;11.762000;1733877;61.865000;1905205;44.731000;2023-05-05
83.475.913/0001-91;2023-12-31;5;138046;PBG S/A;20997;91;124;54759327;39.292000;0;0.000000;54759327;39.292000;2023-04-28
83.878.892/0001-55;2023-12-31;12;137642;CENTRAIS ELET DE SANTA CATARINA S.A.;8272;255;110;6297457;40.558000;22810127;98.983000;29107584;75.464000;2023-04-30
84.429.695/0001-11;2023-12-31;6;136075;WEG S.A.;334172;1607;1201;1482105837;35.334000;0;0.000000;1482105837;35.334000;2024-04-23
84.683.374/0001-49;2023-12-31;16;137700;TUPY S.A.;35713;527;154;143836638;99.764000;0;0.000000;143836638;99.764000;2022-04-29
84.683.408/0001-03;2023-12-31;3;135674;DOHLER S.A.;2331;28;0;74043;0.136000;9373697;44.263000;9447740;12.490000;2023-04-28
84.683.671/0001-94;2023-12-31;4;133542;WETZEL S.A.;1338;18;16;18191;2.652000;992233;72.320000;1010424;49.097000;2023-04-12
84.684.455/0001-63;2023-12-31;6;136134;TIGRE S.A. PARTICIPAÇÕES;12;1;1;0;0.000000;0;0.000000;0;0.000000;2023-07-31
84.693.183/0001-68;2023-12-31;4;135472;SCHULZ S.A.;30885;93;242;28046336;18.368000;173390136;84.712000;201436472;56.366000;2024-03-13
85.041.333/0001-11;2023-12-31;3;128576;PORTO PONTA DO FELIX S/A;0;5;0;85937255;100.000000;145449893;100.000000;231387148;100.000000;2022-04-30
85.778.074/0001-06;2023-12-31;7;136049;METALURGICA RIOSULENSE S.A.;541;22;3;0;0.000000;1415431;56.726000;1415431;23.310000;2022-04-28
86.375.425/0001-09;2023-12-31;3;136655;METISA METALURGICA TIMBOENSE S.A.;6;2;0;51422;1.221000;3037167;66.354000;3088589;35.139000;2023-04-20
86.550.951/0001-50;2023-12-31;9;134528;POMIFRUTAS S/A EM RECUPERACAO JUDICIAL;1900;14;0;1113606;54.227000;0;0.000000;1113606;54.227000;2023-04-27
87.043.832/0001-73;2023-12-31;6;136999;SEIVA S.A. - FLORESTAS E INDÚSTRIAS;104;1090;19;2;0.000000;432672;4.302000;432674;2.322000;2023-04-25
87.456.562/0001-22;2023-12-31;2;136062;JOSAPAR-JOAQUIM OLIVEIRA S.A. - PARTICIP;297;16;6;2904091;27.788000;130868;99.619000;3034959;28.679000;2023-04-28
87.762.563/0001-03;2023-12-31;7;137839;CIA HABITASUL DE PARTICIPACOES;175751;1027;330;0;0.000000;3826608;63.980000;3826608;41.896000;2023-04-25
87.870.952/0001-44;2023-12-31;4;135560;BORRACHAS VIPAL S.A.;1;1;0;0;0.000000;0;0.000000;0;0.000000;2024-03-04
88.610.126/0001-29;2023-12-31;7;136794;FRAS-LE S.A.;8282;40;71;89492359;33.143000;0;0.000000;89492359;33.143000;2023-04-13
88.610.191/0001-54;2023-12-31;4;139048;MUNDIAL S.A. - PRODUTOS DE CONSUMO;2868;143;16;6407320;64.583000;0;0.000000;6407320;64.583000;2024-06-04
88.611.835/0001-29;2023-12-31;15;136048;MARCOPOLO S.A.;61157;506;222;197543909;48.187000;666413239;91.752000;863957148;76.034000;2023-03-30
88.613.658/0001-10;2023-06-30;13;132743;PETTENATI S.A. INDUSTRIA TEXTIL;37658;65;0;385196;2.404931;31555716;98.520592;31940912;66.479182;2022-10-28
89.086.144/0001-16;2023-12-31;7;138534;RANDON S.A. IMPLEMENTOS E PARTICIPACOES;51140;566;586;21308966;18.289000;176650127;83.006000;197959093;60.110000;2024-04-18
89.096.457/0001-55;2023-12-31;15;137386;SLC AGRICOLA S.A.;70624;333;546;194261422;43.819000;0;0.000000;194261422;43.819000;2024-04-29
89.463.822/0001-12;2023-12-31;27;137874;LUPATECH S.A;10968;95;25;34224161;82.794000;0;0.000000;34224161;82.794000;2024-05-20
89.637.490/0001-45;2023-12-31;15;137486;KLABIN S.A.;651147;1404;1393;887175954;38.743000;3063142693;78.748000;3950318647;63.924000;2024-05-07
89.723.993/0001-33;2023-12-31;2;128392;CONSTRUTORA SULTEPA S.A. - EM RECUPERAÇÃO JUDICIAL;397;7;12;1822897;36.711000;4172273;99.976000;5995170;65.601000;2017-07-17
89.850.341/0001-60;2023-12-31;11;136875;GRENDENE S.A.;74549;261;148;267881678;29.693000;0;0.000000;267881678;29.693000;2023-04-17
90.076.886/0001-40;2023-12-31;4;138919;MINUPAR PARTICIPACOES S.A.;2175;36;8;2848044;40.113000;0;0.000000;2848044;40.113000;2023-04-28
90.400.888/0001-42;2023-12-31;17;137940;BCO SANTANDER (BRASIL) S.A.;309543;16394;885;342918449;8.992000;370722862;10.089000;713641311;9.530000;2022-12-31
90.441.460/0001-48;2023-12-31;4;137407;UNICASA INDÚSTRIA DE MÓVEIS S.A.;6692;47;9;28508438;43.138000;0;0.000000;28508438;43.138000;2023-04-28
91.333.666/0001-17;2023-12-31;8;139739;RECRUSUL S.A.;15096;30;19;1572378;14.745000;17926938;84.727000;19499316;61.276000;2023-04-28
91.669.747/0001-92;2023-12-31;2;128679;DM FINANCEIRA S.A. - CRÉDITO, FINANCIAMENTO E INVESTIMENTO;237;19;0;50303;5.487000;0;0.000000;50303;5.487000;2023-04-28
91.983.056/0001-69;2023-12-31;17;136540;KEPLER WEBER S.A.;70344;468;101;176576116;98.251000;0;0.000000;176576116;98.251000;2023-04-03
92.012.467/0001-70;2023-12-31;5;136606;GRAZZIOTIN S.A.;7370;27;69;2518086;30.168000;8736204;74.442000;11254290;56.040000;2023-05-31
92.660.570/0001-26;2023-12-31;4;138132;TREVISA INVESTIMENTOS S.A.;206;6;11;1027200;11.175000;5281200;45.559000;6308400;30.352000;2023-04-27
92.665.611/0001-77;2023-12-31;5;133204;DIMED S.A. DISTRIBUIDORA DE MEDICAMENTOS;42769;376;51;71294090;47.389000;0;0.000000;71294090;47.389000;2023-05-15
92.690.783/0001-09;2023-12-31;14;138036;METALURGICA GERDAU S.A.;149788;594;672;74533453;20.414000;660411219;98.924000;734944672;71.167000;2023-04-19
92.693.019/0001-89;2023-12-31;5;137614;PANATLANTICA S.A.;650;93;8;7599529;33.175000;706145;68.873000;8305674;34.705000;2021-08-03
92.702.067/0001-96;2023-12-31;27;136674;BCO ESTADO DO RIO GRANDE DO SUL S.A.;162189;4682;539;3829177;1.867000;203158052;99.631000;206987229;50.611000;2023-04-27
92.715.812/0001-31;2023-12-31;7;136661;CPFL TRANSMISSÃO S.A.;0;1;0;0;0.000000;0;0.000000;0;0.000000;2024-04-26
92.721.232/0001-57;2023-12-31;6;134014;BANRISUL ARMAZENS GERAIS SA;224;46;0;3626;0.518000;0;0.000000;3626;0.518000;2023-04-28
92.749.225/0001-63;2023-12-31;4;136932;HERCULES S.A. FABRICA DE TALHERES;844;40;1;2804;1.638000;240946;71.117000;243750;47.794000;2023-04-27
92.754.738/0001-62;2023-12-31;9;136012;LOJAS RENNER S.A.;135379;901;2001;951452770;98.778000;0;0.000000;951452770;98.778000;2023-04-20
92.781.335/0001-02;2023-12-31;9;136801;TAURUS ARMAS S.A.;113533;547;9;7989674;17.202000;67757791;84.497000;75747465;59.816000;2024-02-26
92.791.243/0001-03;2023-12-31;7;137721;IRANI PAPEL E EMBALAGEM S.A.;60629;560;3;106519537;44.415000;0;0.000000;106519537;44.415000;2023-04-24
92.802.784/0001-90;2023-12-31;11;135640;CIA RIOGRANDENSE DE SANEAMENTO;0;11;0;4786604;100.000000;82393289;100.000000;87179893;100.000000;2023-12-19
93.828.986/0001-73;2023-12-31;2;137240;CEMEPE INVESTIMENTOS S.A.;608;27;0;12447;2.739000;23246;5.005000;35693;3.884000;2023-04-28
94.813.102/0001-70;2023-12-31;3;133703;TRÊS TENTOS AGROINDUSTRIAL S/A;15910;574;501;113777586;22.833000;0;0.000000;113777586;22.833000;2023-04-26
95.426.862/0001-97;2023-12-31;3;137646;EXCELSIOR ALIMENTOS S.A.;226;6;6;2223;0.078000;1506413;63.420000;1508636;28.889000;2023-04-28
96.298.013/0001-68;2023-12-31;8;137557;PACAEMBU CONSTRUTORA S.A.;41;0;0;458000;0.354000;0;0.000000;458000;0.354000;2024-02-02
96.418.264/0218-02;2023-12-31;14;137838;LOJAS QUERO QUERO S.A.;19862;358;89;195072711;100.000000;0;0.000000;195072711;100.000000;2024-03-13
97.191.902/0001-94;2023-12-31;2;136989;CONSERVAS ODERICH S.A.;429;10;0;112064;1.137000;85888;6.012000;197952;1.754000;2022-04-29
97.837.181/0001-47;2023-12-31;11;136737;DEXCO S.A.;22094;184;541;302768240;36.897000;0;0.000000;302768240;36.897000;2023-04-27
