CNPJ_Companhia;Data_Referencia;Versao;ID_Documento;Classe;Quantidade_Feminino;Quantidade_Masculino;Quantidade_Nao_Binario;Quantidade_Outros;Quantidade_Sem_Resposta
00.000.000/0001-91;2023-12-31;19;137597;Liderança;2213;3759;6;10;25423
00.000.000/0001-91;2023-12-31;19;137597;Não-liderança;4623;4740;27;24;45128
00.000.208/0001-00;2023-12-31;13;135745;Liderança;257;439;0;0;0
00.000.208/0001-00;2023-12-31;13;135745;Não-liderança;1095;1661;0;0;0
00.001.180/0001-26;2023-12-31;23;136627;Liderança;218;689;0;0;0
00.001.180/0001-26;2023-12-31;23;136627;Não-liderança;1575;7188;0;0;0
00.070.698/0001-11;2023-12-31;6;136076;Liderança;11;19;0;0;0
00.070.698/0001-11;2023-12-31;6;136076;Não-liderança;19;33;0;0;0
00.080.671/0001-00;2023-12-31;3;133573;Liderança;54;167;0;0;0
00.080.671/0001-00;2023-12-31;3;133573;Não-liderança;477;1697;0;0;0
00.194.724/0001-13;2023-12-31;7;137743;Liderança;27;69;0;0;0
00.194.724/0001-13;2023-12-31;7;137743;Não-liderança;149;343;0;0;0
00.242.184/0001-04;2023-12-31;9;137763;Liderança;43;302;0;0;0
00.242.184/0001-04;2023-12-31;9;137763;Não-liderança;290;2809;0;0;0
00.272.185/0001-93;2023-12-31;2;134548;Liderança;0;0;0;0;1
00.272.185/0001-93;2023-12-31;2;134548;Não-liderança;0;0;0;0;1
00.336.701/0001-04;2023-12-31;15;136065;Liderança;4;42;0;0;0
00.336.701/0001-04;2023-12-31;15;136065;Não-liderança;133;221;0;0;0
00.359.742/0001-08;2023-12-31;3;134771;Liderança;3;1;0;0;0
00.359.742/0001-08;2023-12-31;3;134771;Não-liderança;16;3;0;0;0
00.383.281/0001-09;2023-12-31;4;137655;Liderança;9;39;0;0;0
00.383.281/0001-09;2023-12-31;4;137655;Não-liderança;29;60;0;0;0
00.622.416/0001-41;2023-12-31;3;131091;Liderança;14;31;0;0;0
00.622.416/0001-41;2023-12-31;3;131091;Não-liderança;73;146;0;0;0
00.644.907/0001-93;2023-12-31;2;135558;Liderança;0;3;0;0;0
00.644.907/0001-93;2023-12-31;2;135558;Não-liderança;16;48;0;0;0
00.743.065/0001-27;2023-12-31;6;135452;Liderança;0;0;0;0;1
00.743.065/0001-27;2023-12-31;6;135452;Não-liderança;0;0;0;0;1
00.776.574/0001-56;2023-12-31;14;138478;Liderança;4915;4452;0;0;0
00.776.574/0001-56;2023-12-31;14;138478;Não-liderança;17708;16555;0;0;0
00.864.214/0001-06;2023-12-31;19;137075;Liderança;265;942;0;0;0
00.864.214/0001-06;2023-12-31;19;137075;Não-liderança;2918;12407;0;0;0
00.924.429/0001-75;2023-12-31;9;137128;Liderança;30;176;0;0;0
00.924.429/0001-75;2023-12-31;9;137128;Não-liderança;463;4120;0;0;0
00.938.574/0001-05;2023-12-31;6;135809;Liderança;3;3;0;0;0
00.938.574/0001-05;2023-12-31;6;135809;Não-liderança;10;15;0;0;0
01.027.058/0001-91;2023-12-31;14;137009;Liderança;255;417;0;0;0
01.027.058/0001-91;2023-12-31;14;137009;Não-liderança;1753;2620;0;0;0
01.083.200/0001-18;2023-12-31;10;137710;Liderança;337;765;0;0;0
01.083.200/0001-18;2023-12-31;10;137710;Não-liderança;2620;11684;0;0;0
01.104.937/0001-70;2023-12-31;1;127272;Liderança;1;0;0;0;0
01.104.937/0001-70;2023-12-31;1;127272;Não-liderança;0;0;0;0;1
01.107.327/0001-20;2023-12-31;6;136712;Liderança;93;261;0;0;0
01.107.327/0001-20;2023-12-31;6;136712;Não-liderança;828;4369;0;0;0
01.258.944/0001-26;2023-12-31;6;137941;Liderança;111;374;0;0;0
01.258.944/0001-26;2023-12-31;6;137941;Não-liderança;856;6973;0;0;0
01.417.222/0001-77;2023-12-31;6;136053;Liderança;77;273;0;0;0
01.417.222/0001-77;2023-12-31;6;136053;Não-liderança;847;5256;0;0;0
01.545.826/0001-07;2023-12-31;27;138489;Liderança;59;72;0;0;0
01.545.826/0001-07;2023-12-31;27;138489;Não-liderança;136;200;0;2;0
01.548.981/0001-79;2023-12-31;3;136132;Liderança;0;0;0;0;1
01.548.981/0001-79;2023-12-31;3;136132;Não-liderança;0;0;0;0;1
01.599.101/0001-93;2023-12-31;32;137735;Liderança;113;308;0;0;0
01.599.101/0001-93;2023-12-31;32;137735;Não-liderança;1999;3211;0;0;0
01.637.895/0001-32;2023-12-31;8;133933;Liderança;274;714;0;0;0
01.637.895/0001-32;2023-12-31;8;133933;Não-liderança;1096;6311;0;0;0
01.838.723/0001-27;2023-12-31;11;135972;Liderança;823;2210;0;0;0
01.838.723/0001-27;2023-12-31;11;135972;Não-liderança;40408;52782;0;0;0
01.851.771/0001-55;2023-12-31;2;136558;Liderança;0;0;0;0;0
01.851.771/0001-55;2023-12-31;2;136558;Não-liderança;0;0;0;0;0
01.896.779/0001-38;2023-12-31;3;137625;Liderança;216;174;0;0;0
01.896.779/0001-38;2023-12-31;3;137625;Não-liderança;3353;1427;0;0;0
01.917.818/0001-36;2023-12-31;7;133954;Liderança;0;6;0;0;0
01.917.818/0001-36;2023-12-31;7;133954;Não-liderança;13;185;0;0;0
01.938.783/0001-11;2023-12-31;13;137376;Liderança;1;5;0;1;0
01.938.783/0001-11;2023-12-31;13;137376;Não-liderança;11;10;0;6;0
01.957.772/0001-89;2023-12-31;2;130691;Liderança;0;2;0;0;0
01.957.772/0001-89;2023-12-31;2;130691;Não-liderança;1;2;0;0;0
02.062.747/0001-08;2023-12-31;3;136561;Liderança;0;0;0;0;0
02.062.747/0001-08;2023-12-31;3;136561;Não-liderança;0;0;0;0;0
02.149.205/0001-69;2023-12-31;10;137754;Liderança;556;710;0;0;0
02.149.205/0001-69;2023-12-31;10;137754;Não-liderança;7287;4885;14;0;3
02.162.616/0001-94;2023-12-31;2;127264;Liderança;0;0;0;0;1
02.162.616/0001-94;2023-12-31;2;127264;Não-liderança;0;0;0;0;1
02.193.750/0001-52;2023-12-31;4;136564;Liderança;13;68;0;0;0
02.193.750/0001-52;2023-12-31;4;136564;Não-liderança;101;649;0;0;0
02.217.319/0001-07;2023-12-31;5;135772;Liderança;0;1;0;0;0
02.217.319/0001-07;2023-12-31;5;135772;Não-liderança;0;1;0;0;0
02.255.187/0001-08;2023-12-31;8;136653;Liderança;54;71;0;0;62
02.255.187/0001-08;2023-12-31;8;136653;Não-liderança;304;344;3;3;836
02.258.422/0001-97;2023-12-31;3;135398;Liderança;0;1;0;0;0
02.258.422/0001-97;2023-12-31;3;135398;Não-liderança;0;5;0;0;0
02.291.077/0001-93;2023-12-31;2;129159;Liderança;0;0;0;0;1
02.291.077/0001-93;2023-12-31;2;129159;Não-liderança;0;0;0;0;1
02.302.101/0001-42;2023-12-31;9;135805;Liderança;13;54;0;0;0
02.302.101/0001-42;2023-12-31;9;135805;Não-liderança;22;324;0;0;0
02.328.280/0001-97;2023-12-31;9;135991;Liderança;83;181;0;0;0
02.328.280/0001-97;2023-12-31;9;135991;Não-liderança;485;2866;0;0;0
02.338.534/0001-58;2023-12-31;2;135907;Liderança;0;0;0;0;1
02.338.534/0001-58;2023-12-31;2;135907;Não-liderança;0;0;0;0;1
02.351.144/0001-18;2023-12-31;9;135755;Liderança;29;230;0;0;2
02.351.144/0001-18;2023-12-31;9;135755;Não-liderança;314;1122;0;2;15
02.351.877/0001-52;2023-12-31;27;136130;Liderança;258;414;0;0;0
02.351.877/0001-52;2023-12-31;27;136130;Não-liderança;1352;1874;0;0;0
02.357.251/0001-53;2023-12-31;6;136120;Liderança;11;25;0;0;0
02.357.251/0001-53;2023-12-31;6;136120;Não-liderança;230;145;0;0;0
02.365.069/0001-44;2023-12-31;6;135744;Liderança;0;0;0;0;1
02.365.069/0001-44;2023-12-31;6;135744;Não-liderança;0;0;0;0;1
02.387.241/0001-60;2023-12-31;17;137808;Liderança;111;374;0;0;0
02.387.241/0001-60;2023-12-31;17;137808;Não-liderança;856;6973;0;0;0
02.397.080/0001-96;2023-12-31;3;135956;Liderança;11;26;0;0;0
02.397.080/0001-96;2023-12-31;3;135956;Não-liderança;28;41;0;0;0
02.421.421/0001-11;2023-12-31;8;135622;Liderança;288;549;0;0;0
02.421.421/0001-11;2023-12-31;8;135622;Não-liderança;4686;4260;0;0;0
02.429.144/0001-93;2023-12-31;6;137649;Liderança;4;8;0;0;0
02.429.144/0001-93;2023-12-31;6;137649;Não-liderança;0;3;0;0;3
02.474.103/0001-19;2023-12-31;11;136621;Liderança;34;251;0;0;0
02.474.103/0001-19;2023-12-31;11;136621;Não-liderança;290;640;0;0;0
02.502.844/0001-66;2023-12-31;5;136583;Liderança;111;374;0;0;0
02.502.844/0001-66;2023-12-31;5;136583;Não-liderança;856;6973;0;0;0
02.558.157/0001-62;2023-12-31;7;135834;Liderança;1446;2676;0;0;0
02.558.157/0001-62;2023-12-31;7;135834;Não-liderança;13142;15698;0;0;0
02.591.787/0001-39;2023-12-31;4;127141;Liderança;0;0;0;0;0
02.591.787/0001-39;2023-12-31;4;127141;Não-liderança;0;0;0;0;0
02.664.042/0001-52;2023-12-31;2;135883;Liderança;1;4;0;0;0
02.664.042/0001-52;2023-12-31;2;135883;Não-liderança;14;28;0;0;0
02.762.121/0001-04;2023-12-31;9;136600;Liderança;51;248;0;0;0
02.762.121/0001-04;2023-12-31;9;136600;Não-liderança;431;2534;0;0;0
02.762.124/0001-30;2023-12-31;2;136559;Liderança;0;0;0;0;0
02.762.124/0001-30;2023-12-31;2;136559;Não-liderança;0;0;0;0;0
02.796.775/0001-40;2023-12-31;2;136560;Liderança;0;0;0;0;0
02.796.775/0001-40;2023-12-31;2;136560;Não-liderança;0;0;0;0;0
02.800.026/0001-40;2023-12-31;16;137698;Liderança;1068;869;0;0;0
02.800.026/0001-40;2023-12-31;16;137698;Não-liderança;13657;7751;0;0;0
02.846.056/0001-97;2023-12-31;10;136034;Liderança;638;1297;0;0;0
02.846.056/0001-97;2023-12-31;10;136034;Não-liderança;5863;9401;0;0;0
02.860.694/0001-62;2023-12-31;10;137709;Liderança;7;13;0;0;0
02.860.694/0001-62;2023-12-31;10;137709;Não-liderança;36;29;0;0;0
02.916.265/0001-60;2023-12-31;10;137802;Liderança;6683;7160;0;0;19
02.916.265/0001-60;2023-12-31;10;137802;Não-liderança;100051;144748;4;0;614
02.932.074/0001-91;2023-12-31;9;137158;Liderança;508;772;0;0;0
02.932.074/0001-91;2023-12-31;9;137158;Não-liderança;5027;4476;0;0;0
02.950.811/0001-89;2023-12-31;19;136543;Liderança;15;27;0;0;0
02.950.811/0001-89;2023-12-31;19;136543;Não-liderança;69;32;0;0;0
02.992.449/0001-09;2023-12-31;2;136562;Liderança;0;0;0;0;0
02.992.449/0001-09;2023-12-31;2;136562;Não-liderança;0;0;0;0;0
02.998.301/0001-81;2023-12-31;11;137175;Liderança;3;29;0;0;0
02.998.301/0001-81;2023-12-31;11;137175;Não-liderança;28;222;0;0;0
02.998.611/0001-04;2023-12-31;11;137825;Liderança;21;88;0;0;0
02.998.611/0001-04;2023-12-31;11;137825;Não-liderança;192;1143;0;0;0
03.014.553/0001-91;2023-12-31;5;137796;Liderança;4;22;0;0;0
03.014.553/0001-91;2023-12-31;5;137796;Não-liderança;14;20;0;0;0
03.220.438/0001-73;2023-12-31;15;137644;Liderança;170;553;0;0;0
03.220.438/0001-73;2023-12-31;15;137644;Não-liderança;2771;4399;0;0;0
03.303.999/0001-36;2023-12-31;2;137637;Liderança;1;4;0;0;0
03.303.999/0001-36;2023-12-31;2;137637;Não-liderança;26;9;0;0;0
03.342.704/0001-30;2023-12-31;15;136830;Liderança;10;41;0;0;0
03.342.704/0001-30;2023-12-31;15;136830;Não-liderança;214;1004;0;0;0
03.378.521/0001-75;2023-12-31;14;137859;Liderança;43;117;0;0;0
03.378.521/0001-75;2023-12-31;14;137859;Não-liderança;797;3527;0;0;0
03.467.321/0001-99;2023-12-31;9;137724;Liderança;24;112;0;0;0
03.467.321/0001-99;2023-12-31;9;137724;Não-liderança;330;1968;0;0;0
03.494.776/0001-01;2023-12-31;3;136822;Liderança;96;79;0;0;0
03.494.776/0001-01;2023-12-31;3;136822;Não-liderança;503;264;0;0;0
03.758.318/0001-24;2023-12-31;11;136579;Liderança;44;152;0;0;0
03.758.318/0001-24;2023-12-31;11;136579;Não-liderança;759;1304;0;0;0
03.795.050/0001-09;2023-12-31;3;135958;Liderança;3;5;0;0;0
03.795.050/0001-09;2023-12-31;3;135958;Não-liderança;12;38;0;0;0
03.802.115/0001-98;2023-12-31;5;133891;Liderança;37;45;0;0;227
03.802.115/0001-98;2023-12-31;5;133891;Não-liderança;146;151;0;1;2172
03.847.461/0001-92;2023-12-31;7;137283;Liderança;1;18;0;0;0
03.847.461/0001-92;2023-12-31;7;137283;Não-liderança;0;2;0;0;0
03.853.896/0001-40;2023-12-31;13;135325;Liderança;541;2142;0;0;0
03.853.896/0001-40;2023-12-31;13;135325;Não-liderança;9500;20351;0;0;0
03.983.431/0001-03;2023-12-31;6;135695;Liderança;36;133;0;0;0
03.983.431/0001-03;2023-12-31;6;135695;Não-liderança;711;2264;0;0;0
04.030.182/0001-02;2023-12-31;3;135675;Liderança;0;0;0;0;1
04.030.182/0001-02;2023-12-31;3;135675;Não-liderança;0;0;0;0;1
04.031.213/0001-31;2023-12-31;3;130703;Liderança;0;0;0;0;1
04.031.213/0001-31;2023-12-31;3;130703;Não-liderança;0;0;0;0;1
04.032.433/0001-80;2023-12-31;8;134628;Liderança;220;264;0;0;0
04.032.433/0001-80;2023-12-31;8;134628;Não-liderança;5435;2329;0;0;0
04.038.763/0001-82;2023-12-31;3;130704;Liderança;0;0;0;0;1
04.038.763/0001-82;2023-12-31;3;130704;Não-liderança;0;0;0;0;1
04.065.053/0001-41;2023-12-31;2;133304;Liderança;28;40;0;0;0
04.065.053/0001-41;2023-12-31;2;133304;Não-liderança;302;504;1;0;0
04.065.791/0001-99;2023-12-31;9;133013;Liderança;106;199;0;0;0
04.065.791/0001-99;2023-12-31;9;133013;Não-liderança;620;1354;0;0;0
04.069.709/0001-02;2023-12-31;6;137072;Liderança;29;49;0;0;0
04.069.709/0001-02;2023-12-31;6;137072;Não-liderança;167;251;0;0;0
04.149.454/0001-80;2023-12-31;5;135938;Liderança;92;232;0;0;0
04.149.454/0001-80;2023-12-31;5;135938;Não-liderança;2357;2212;0;0;0
04.200.649/0001-07;2023-12-31;14;130507;Liderança;3;1;0;0;0
04.200.649/0001-07;2023-12-31;14;130507;Não-liderança;6;6;0;0;0
04.212.396/0001-91;2023-12-31;6;136490;Liderança;44;62;0;0;0
04.212.396/0001-91;2023-12-31;6;136490;Não-liderança;280;389;0;0;0
04.423.567/0001-21;2023-12-31;13;136750;Liderança;49;226;0;0;0
04.423.567/0001-21;2023-12-31;13;136750;Não-liderança;284;931;0;0;0
04.739.720/0001-24;2023-12-31;7;132182;Liderança;0;20;0;0;0
04.739.720/0001-24;2023-12-31;7;132182;Não-liderança;22;79;0;0;0
04.752.991/0001-10;2023-12-31;19;137854;Liderança;27;41;0;0;0
04.752.991/0001-10;2023-12-31;19;137854;Não-liderança;37;51;0;0;0
04.821.041/0001-08;2023-12-31;5;137910;Liderança;24;93;0;2;0
04.821.041/0001-08;2023-12-31;5;137910;Não-liderança;336;681;0;30;0
04.895.728/0001-80;2023-12-31;10;138025;Liderança;17;112;0;0;0
04.895.728/0001-80;2023-12-31;10;138025;Não-liderança;345;782;0;0;0
04.902.979/0001-44;2023-12-31;9;134451;Liderança;234;394;0;0;0
04.902.979/0001-44;2023-12-31;9;134451;Não-liderança;796;1443;0;0;0
04.912.242/0001-02;2023-12-31;1;127238;Liderança;1;2;0;0;0
04.912.242/0001-02;2023-12-31;1;127238;Não-liderança;5;3;0;0;0
04.913.711/0001-08;2023-12-31;12;137750;Liderança;295;354;0;0;0
04.913.711/0001-08;2023-12-31;12;137750;Não-liderança;796;1150;0;0;1
04.972.092/0001-22;2023-12-31;3;134391;Liderança;124;483;0;0;0
04.972.092/0001-22;2023-12-31;3;134391;Não-liderança;3124;4369;0;0;0
04.986.320/0001-13;2023-12-31;7;137911;Liderança;796;602;0;0;0
04.986.320/0001-13;2023-12-31;7;137911;Não-liderança;6747;5437;0;0;0
04.992.714/0001-84;2023-12-31;10;136720;Liderança;9;36;0;0;0
04.992.714/0001-84;2023-12-31;10;136720;Não-liderança;56;146;0;0;0
05.197.443/0001-38;2023-12-31;18;137749;Liderança;2617;1297;0;0;0
05.197.443/0001-38;2023-12-31;18;137749;Não-liderança;46802;16443;0;0;0
05.303.439/0001-07;2023-12-31;8;133343;Liderança;43;226;0;1;2
05.303.439/0001-07;2023-12-31;8;133343;Não-liderança;349;1365;1;1;1
05.347.060/0001-07;2023-12-31;4;135611;Liderança;86;73;0;0;0
05.347.060/0001-07;2023-12-31;4;135611;Não-liderança;576;349;0;0;0
05.878.397/0001-32;2023-12-31;12;137501;Liderança;124;211;0;0;19
05.878.397/0001-32;2023-12-31;12;137501;Não-liderança;903;1151;0;0;201
05.917.486/0001-40;2023-12-31;6;135924;Liderança;15;26;0;0;0
05.917.486/0001-40;2023-12-31;6;135924;Não-liderança;124;154;0;0;0
06.047.087/0001-39;2023-12-31;8;137033;Liderança;186;107;0;0;0
06.047.087/0001-39;2023-12-31;8;137033;Não-liderança;52808;17925;0;0;0
06.057.223/0001-71;2023-12-31;23;137036;Liderança;2434;3760;0;0;0
06.057.223/0001-71;2023-12-31;23;137036;Não-liderança;33282;34422;0;0;0
06.164.253/0001-87;2023-12-31;17;137756;Liderança;161;294;0;0;0
06.164.253/0001-87;2023-12-31;17;137756;Não-liderança;6346;8023;0;0;0
06.272.793/0001-84;2023-12-31;8;136841;Liderança;48;161;0;0;0
06.272.793/0001-84;2023-12-31;8;136841;Não-liderança;423;867;0;0;0
06.626.253/0001-51;2023-12-31;16;137001;Liderança;962;671;0;0;0
06.626.253/0001-51;2023-12-31;16;137001;Não-liderança;11457;7871;0;0;0
06.977.751/0001-49;2023-12-31;11;133016;Liderança;1;9;0;0;0
06.977.751/0001-49;2023-12-31;11;133016;Não-liderança;35;31;0;0;0
07.040.108/0001-57;2023-12-31;7;136578;Liderança;169;226;0;0;0
07.040.108/0001-57;2023-12-31;7;136578;Não-liderança;260;530;0;0;0
07.043.628/0001-13;2023-12-31;2;128407;Liderança;0;0;0;0;1
07.043.628/0001-13;2023-12-31;2;128407;Não-liderança;0;0;0;0;1
07.047.251/0001-70;2023-12-31;8;136509;Liderança;16;67;0;0;31
07.047.251/0001-70;2023-12-31;8;136509;Não-liderança;163;386;2;1;383
07.206.816/0001-15;2023-12-31;3;135587;Liderança;344;1062;0;0;0
07.206.816/0001-15;2023-12-31;3;135587;Não-liderança;4238;10516;0;0;0
07.237.373/0001-20;2023-12-31;20;136818;Liderança;714;2044;0;0;0
07.237.373/0001-20;2023-12-31;20;136818;Não-liderança;1428;2408;0;0;0
07.253.321/0001-47;2023-12-31;2;135697;Liderança;0;4;0;0;0
07.253.321/0001-47;2023-12-31;2;135697;Não-liderança;0;10;0;0;0
07.275.159/0001-68;2023-12-31;7;137227;Liderança;0;1;0;0;0
07.275.159/0001-68;2023-12-31;7;137227;Não-liderança;0;1;0;0;0
07.334.600/0001-35;2023-12-31;1;127088;Liderança;0;0;0;0;0
07.334.600/0001-35;2023-12-31;1;127088;Não-liderança;0;0;0;0;204
07.415.333/0001-20;2023-12-31;9;136208;Liderança;776;1989;0;0;0
07.415.333/0001-20;2023-12-31;9;136208;Não-liderança;8502;31599;0;0;0
07.437.016/0001-05;2023-12-31;1;127753;Liderança;41;65;0;0;0
07.437.016/0001-05;2023-12-31;1;127753;Não-liderança;262;219;0;0;0
07.526.557/0001-00;2023-12-31;14;136881;Liderança;2066;3263;18;0;2080
07.526.557/0001-00;2023-12-31;14;136881;Não-liderança;2628;12694;41;0;5418
07.594.978/0001-78;2023-12-31;16;138419;Liderança;304;381;2;1;1
07.594.978/0001-78;2023-12-31;16;138419;Não-liderança;2457;3152;17;20;21
07.689.002/0001-89;2023-12-31;9;138085;Liderança;148;797;0;0;0
07.689.002/0001-89;2023-12-31;9;138085;Não-liderança;2863;12881;0;0;28
07.704.246/0001-93;2023-12-31;3;137029;Liderança;14;31;0;0;0
07.704.246/0001-93;2023-12-31;3;137029;Não-liderança;69;108;0;0;0
07.718.269/0001-57;2023-12-31;9;139822;Liderança;1;13;0;0;0
07.718.269/0001-57;2023-12-31;9;139822;Não-liderança;0;0;0;0;1
07.816.890/0001-53;2023-12-31;7;137757;Liderança;15;15;0;0;9
07.816.890/0001-53;2023-12-31;7;137757;Não-liderança;93;79;0;0;101
07.820.907/0001-46;2023-12-31;4;133675;Liderança;1;6;0;0;0
07.820.907/0001-46;2023-12-31;4;133675;Não-liderança;8;3;0;0;0
07.857.093/0001-14;2023-12-31;7;134376;Liderança;32;163;0;0;0
07.857.093/0001-14;2023-12-31;7;134376;Não-liderança;172;782;0;0;0
07.857.850/0001-50;2023-12-31;9;134240;Liderança;3;9;0;0;0
07.857.850/0001-50;2023-12-31;9;134240;Não-liderança;8;17;0;0;0
07.859.510/0001-68;2023-12-31;3;131289;Liderança;24;18;0;0;0
07.859.510/0001-68;2023-12-31;3;131289;Não-liderança;18;13;0;0;0
07.859.971/0001-30;2023-12-31;18;137638;Liderança;17;57;0;0;0
07.859.971/0001-30;2023-12-31;18;137638;Não-liderança;126;532;0;0;0
07.882.930/0001-65;2023-12-31;9;137635;Liderança;48;58;0;0;0
07.882.930/0001-65;2023-12-31;9;137635;Não-liderança;187;390;0;0;0
07.976.147/0001-60;2023-12-31;3;131570;Liderança;259;359;0;0;0
07.976.147/0001-60;2023-12-31;3;131570;Não-liderança;1961;2667;0;0;0
08.065.557/0001-12;2023-12-31;13;137939;Liderança;17;15;0;0;0
08.065.557/0001-12;2023-12-31;13;137939;Não-liderança;97;220;0;0;0
08.078.847/0001-09;2023-12-31;8;137144;Liderança;22;29;0;0;66
08.078.847/0001-09;2023-12-31;8;137144;Não-liderança;69;52;0;0;224
08.159.965/0001-33;2023-12-31;9;134562;Liderança;128;215;0;0;0
08.159.965/0001-33;2023-12-31;9;134562;Não-liderança;558;1611;0;0;0
08.170.849/0001-15;2023-12-31;17;135989;Liderança;95;255;0;0;0
08.170.849/0001-15;2023-12-31;17;135989;Não-liderança;1388;1753;0;0;0
08.294.224/0001-65;2023-12-31;12;137694;Liderança;170;188;0;0;0
08.294.224/0001-65;2023-12-31;12;137694;Não-liderança;825;1358;0;0;0
08.312.229/0001-73;2023-12-31;8;137519;Liderança;27;30;0;0;0
08.312.229/0001-73;2023-12-31;8;137519;Não-liderança;167;856;0;0;0
08.324.196/0001-81;2023-12-31;9;136190;Liderança;16;54;0;0;0
08.324.196/0001-81;2023-12-31;9;136190;Não-liderança;200;753;0;0;0
08.343.492/0001-20;2023-12-31;19;137479;Liderança;581;802;0;0;0
08.343.492/0001-20;2023-12-31;19;137479;Não-liderança;3472;13438;0;0;0
08.364.948/0001-38;2023-12-31;7;135895;Liderança;6;10;0;0;0
08.364.948/0001-38;2023-12-31;7;135895;Não-liderança;24;12;0;0;0
08.397.078/0001-01;2023-12-31;6;136026;Liderança;0;0;0;0;228
08.397.078/0001-01;2023-12-31;6;136026;Não-liderança;0;0;0;0;1615
08.402.943/0001-52;2023-12-31;3;137765;Liderança;435;330;2;0;1116
08.402.943/0001-52;2023-12-31;3;137765;Não-liderança;8843;4514;71;0;15844
08.424.178/0001-71;2023-12-31;1;127296;Liderança;0;1;0;0;0
08.424.178/0001-71;2023-12-31;1;127296;Não-liderança;0;1;0;0;0
08.467.115/0001-00;2023-12-31;10;137686;Liderança;11;53;0;0;0
08.467.115/0001-00;2023-12-31;10;137686;Não-liderança;213;693;0;0;0
08.560.444/0001-93;2023-12-31;6;135934;Liderança;5;13;0;0;0
08.560.444/0001-93;2023-12-31;6;135934;Não-liderança;25;100;0;0;0
08.574.411/0001-00;2023-12-31;5;137653;Liderança;18;67;0;0;0
08.574.411/0001-00;2023-12-31;5;137653;Não-liderança;131;382;0;0;0
08.764.621/0001-53;2023-12-31;3;130729;Liderança;6;10;0;0;0
08.764.621/0001-53;2023-12-31;3;130729;Não-liderança;41;26;0;0;0
08.773.135/0001-00;2023-12-31;12;136052;Liderança;16;21;0;0;4
08.773.135/0001-00;2023-12-31;12;136052;Não-liderança;66;47;0;0;0
08.773.191/0001-36;2023-12-31;3;136984;Liderança;0;1;0;0;0
08.773.191/0001-36;2023-12-31;3;136984;Não-liderança;0;1;0;0;0
08.795.211/0001-70;2023-12-31;6;136568;Liderança;8;13;0;0;0
08.795.211/0001-70;2023-12-31;6;136568;Não-liderança;28;27;0;0;0
08.797.760/0001-83;2023-12-31;10;137337;Liderança;34;77;0;0;0
08.797.760/0001-83;2023-12-31;10;137337;Não-liderança;265;1315;0;0;0
08.801.621/0001-86;2023-12-31;9;135971;Liderança;43;56;0;0;0
08.801.621/0001-86;2023-12-31;9;135971;Não-liderança;150;107;0;0;0
08.807.432/0001-10;2023-12-31;18;137953;Liderança;761;603;1;4;57
08.807.432/0001-10;2023-12-31;18;137953;Não-liderança;7474;6144;16;59;486
08.810.422/0001-34;2023-12-31;1;128027;Liderança;12;60;0;0;0
08.810.422/0001-34;2023-12-31;1;128027;Não-liderança;113;499;0;0;0
08.811.643/0001-27;2023-12-31;6;137607;Liderança;0;0;0;0;71
08.811.643/0001-27;2023-12-31;6;137607;Não-liderança;0;0;0;0;293
08.902.291/0001-15;2023-12-31;4;135595;Liderança;34;270;0;0;0
08.902.291/0001-15;2023-12-31;4;135595;Não-liderança;1628;5757;0;0;0
08.935.054/0001-50;2023-12-31;2;133497;Liderança;1;8;0;0;0
08.935.054/0001-50;2023-12-31;2;133497;Não-liderança;9;9;0;0;0
09.041.168/0001-10;2023-12-31;9;136085;Liderança;31;47;0;0;0
09.041.168/0001-10;2023-12-31;9;136085;Não-liderança;112;413;0;0;0
09.042.817/0001-05;2023-12-31;17;138088;Liderança;27;93;0;0;0
09.042.817/0001-05;2023-12-31;17;138088;Não-liderança;177;470;0;0;0
09.053.134/0001-45;2023-12-31;5;133317;Liderança;0;0;0;0;299
09.053.134/0001-45;2023-12-31;5;133317;Não-liderança;0;0;0;0;2530
09.054.385/0001-44;2023-12-31;1;127468;Liderança;158;138;0;0;0
09.054.385/0001-44;2023-12-31;1;127468;Não-liderança;1254;714;0;0;0
09.112.685/0001-32;2023-12-31;6;136743;Liderança;1;1;0;0;0
09.112.685/0001-32;2023-12-31;6;136743;Não-liderança;4;1;0;0;0
09.114.805/0001-30;2023-12-31;13;137832;Liderança;92;462;0;0;0
09.114.805/0001-30;2023-12-31;13;137832;Não-liderança;265;1204;0;0;0
09.146.451/0001-06;2023-12-31;8;135850;Liderança;5;1;0;0;0
09.146.451/0001-06;2023-12-31;8;135850;Não-liderança;233;383;0;0;0
09.229.201/0001-30;2023-12-31;7;135939;Liderança;611;1213;0;0;0
09.229.201/0001-30;2023-12-31;7;135939;Não-liderança;42293;96666;0;0;0
09.257.877/0001-37;2023-12-31;9;136086;Liderança;5;32;0;0;0
09.257.877/0001-37;2023-12-31;9;136086;Não-liderança;97;605;0;0;0
09.267.996/0001-70;2023-12-31;9;137987;Liderança;18;12;0;0;0
09.267.996/0001-70;2023-12-31;9;137987;Não-liderança;25;15;0;0;0
09.288.252/0001-32;2023-12-31;15;138415;Liderança;792;607;0;0;0
09.288.252/0001-32;2023-12-31;15;138415;Não-liderança;9210;7041;0;0;0
09.295.063/0001-97;2023-12-31;3;137795;Liderança;31;36;0;0;0
09.295.063/0001-97;2023-12-31;3;137795;Não-liderança;200;149;0;8;4
09.305.994/0001-29;2023-12-31;14;137785;Liderança;1161;1737;0;0;0
09.305.994/0001-29;2023-12-31;14;137785;Não-liderança;4570;6779;0;0;0
09.346.601/0001-25;2023-12-31;17;137720;Liderança;169;366;0;0;0
09.346.601/0001-25;2023-12-31;17;137720;Não-liderança;808;1392;0;0;0
09.347.516/0001-81;2023-12-31;12;136820;Liderança;33;90;1;0;0
09.347.516/0001-81;2023-12-31;12;136820;Não-liderança;144;416;2;0;0
09.527.023/0001-23;2023-12-31;6;139422;Liderança;127;428;0;78;0
09.527.023/0001-23;2023-12-31;6;139422;Não-liderança;1405;6243;0;673;0
09.611.768/0001-76;2023-12-31;4;138011;Liderança;13;21;0;0;0
09.611.768/0001-76;2023-12-31;4;138011;Não-liderança;177;612;0;0;0
09.813.204/0001-16;2023-12-31;2;134424;Liderança;30;28;0;0;23
09.813.204/0001-16;2023-12-31;2;134424;Não-liderança;150;147;4;1;174
10.139.870/0001-08;2023-12-31;4;135927;Liderança;44;83;0;0;0
10.139.870/0001-08;2023-12-31;4;135927;Não-liderança;331;451;0;0;0
10.285.590/0001-08;2023-12-31;10;137695;Liderança;769;368;0;0;0
10.285.590/0001-08;2023-12-31;10;137695;Não-liderança;9231;3608;0;0;0
10.324.624/0001-18;2023-12-31;5;137863;Liderança;27;141;0;0;0
10.324.624/0001-18;2023-12-31;5;137863;Não-liderança;450;1538;0;0;0
10.338.320/0001-00;2023-12-31;5;135815;Liderança;0;2;0;0;0
10.338.320/0001-00;2023-12-31;5;135815;Não-liderança;0;5;0;0;0
10.488.244/0001-19;2023-12-31;2;136018;Liderança;0;1;0;0;0
10.488.244/0001-19;2023-12-31;2;136018;Não-liderança;0;1;0;0;0
10.502.676/0001-37;2023-12-31;1;127426;Liderança;0;10;0;0;0
10.502.676/0001-37;2023-12-31;1;127426;Não-liderança;3;26;0;0;0
10.571.175/0001-02;2023-12-31;10;136844;Liderança;34;47;0;0;0
10.571.175/0001-02;2023-12-31;10;136844;Não-liderança;137;253;0;0;0
10.629.105/0001-68;2023-12-31;19;136834;Liderança;18;121;0;0;0
10.629.105/0001-68;2023-12-31;19;136834;Não-liderança;89;417;0;0;0
10.635.691/0001-53;2023-12-31;1;127914;Liderança;32;56;0;0;0
10.635.691/0001-53;2023-12-31;1;127914;Não-liderança;224;333;0;0;0
10.739.356/0001-03;2023-12-31;8;133425;Liderança;10;40;0;0;0
10.739.356/0001-03;2023-12-31;8;133425;Não-liderança;33;68;0;0;0
10.760.260/0001-19;2023-12-31;23;138038;Liderança;98;90;0;0;181
10.760.260/0001-19;2023-12-31;23;138038;Não-liderança;627;294;3;0;1139
10.807.374/0001-77;2023-12-31;4;131521;Liderança;4;25;0;0;0
10.807.374/0001-77;2023-12-31;4;131521;Não-liderança;66;337;0;0;0
10.835.932/0001-08;2023-12-31;9;135992;Liderança;58;130;0;0;0
10.835.932/0001-08;2023-12-31;9;135992;Não-liderança;603;2756;0;0;0
10.851.805/0001-00;2023-12-31;1;130805;Liderança;202;170;0;0;0
10.851.805/0001-00;2023-12-31;1;130805;Não-liderança;3309;1006;0;0;0
11.257.352/0001-43;2023-12-31;2;128319;Liderança;0;2;0;0;0
11.257.352/0001-43;2023-12-31;2;128319;Não-liderança;2;0;0;0;0
11.284.204/0001-18;2023-12-31;7;135896;Liderança;47;46;0;0;0
11.284.204/0001-18;2023-12-31;7;135896;Não-liderança;30;13;0;0;0
11.421.994/0001-36;2023-12-31;18;137737;Liderança;32;79;0;0;0
11.421.994/0001-36;2023-12-31;18;137737;Não-liderança;250;1618;0;0;0
11.669.021/0001-10;2023-12-31;14;135683;Liderança;23;37;0;0;1
11.669.021/0001-10;2023-12-31;14;135683;Não-liderança;48;54;0;1;3
11.716.471/0001-17;2023-12-31;1;128179;Liderança;0;3;0;0;0
11.716.471/0001-17;2023-12-31;1;128179;Não-liderança;0;2;0;0;0
11.721.921/0001-60;2023-12-31;10;136541;Liderança;97;110;0;0;0
11.721.921/0001-60;2023-12-31;10;136541;Não-liderança;419;143;0;0;0
11.725.176/0001-27;2023-12-31;5;131125;Liderança;64;133;0;0;0
11.725.176/0001-27;2023-12-31;5;131125;Não-liderança;490;500;0;0;0
11.992.680/0001-93;2023-12-31;11;137624;Liderança;192;128;0;0;0
11.992.680/0001-93;2023-12-31;11;137624;Não-liderança;1430;682;0;0;0
12.049.631/0001-84;2023-12-31;4;133256;Liderança;54;72;0;0;0
12.049.631/0001-84;2023-12-31;4;133256;Não-liderança;360;3161;0;0;0
12.091.809/0001-55;2023-12-31;26;137857;Liderança;21;120;0;0;0
12.091.809/0001-55;2023-12-31;26;137857;Não-liderança;119;246;0;0;0
12.104.241/0004-02;2023-12-31;16;137913;Liderança;490;205;0;0;0
12.104.241/0004-02;2023-12-31;16;137913;Não-liderança;5256;1529;0;0;0
12.108.897/0001-50;2023-12-31;8;137392;Liderança;519;257;0;0;0
12.108.897/0001-50;2023-12-31;8;137392;Não-liderança;2082;910;0;0;0
12.181.987/0001-77;2023-12-31;16;138479;Liderança;42;67;0;0;0
12.181.987/0001-77;2023-12-31;16;138479;Não-liderança;328;367;0;0;0
12.300.288/0001-07;2023-12-31;8;136892;Liderança;4;14;0;0;0
12.300.288/0001-07;2023-12-31;8;136892;Não-liderança;70;118;0;0;163
12.420.164/0001-57;2023-12-31;15;137746;Liderança;276;311;0;0;0
12.420.164/0001-57;2023-12-31;15;137746;Não-liderança;2951;2430;3;26;0
12.528.708/0001-07;2023-12-31;11;135653;Liderança;59;270;0;0;0
12.528.708/0001-07;2023-12-31;11;135653;Não-liderança;1113;4858;0;0;0
12.648.266/0001-24;2023-12-31;14;138892;Liderança;502;1666;0;0;0
12.648.266/0001-24;2023-12-31;14;138892;Não-liderança;2687;8930;0;0;0
12.648.327/0001-53;2023-12-31;21;137833;Liderança;33;31;0;0;0
12.648.327/0001-53;2023-12-31;21;137833;Não-liderança;66;44;0;0;0
13.009.717/0001-46;2023-12-31;9;135893;Liderança;145;217;0;0;0
13.009.717/0001-46;2023-12-31;9;135893;Não-liderança;209;279;0;0;0
13.217.485/0001-11;2023-12-31;8;137191;Liderança;705;770;0;0;0
13.217.485/0001-11;2023-12-31;8;137191;Não-liderança;4400;3907;0;0;0
13.270.520/0001-66;2023-12-31;13;137760;Liderança;264;113;0;0;0
13.270.520/0001-66;2023-12-31;13;137760;Não-liderança;7568;2073;0;0;0
13.444.994/0001-87;2023-12-31;2;128486;Liderança;23;103;0;0;0
13.444.994/0001-87;2023-12-31;2;128486;Não-liderança;47;247;0;0;0
13.522.948/0001-59;2023-12-31;4;136618;Liderança;3;13;0;0;0
13.522.948/0001-59;2023-12-31;4;136618;Não-liderança;38;55;0;0;0
13.574.594/0001-96;2023-12-31;16;136609;Liderança;129;196;0;0;0
13.574.594/0001-96;2023-12-31;16;136609;Não-liderança;8675;7524;0;0;0
13.584.310/0001-42;2023-12-31;3;129865;Liderança;7;3;0;0;0
13.584.310/0001-42;2023-12-31;3;129865;Não-liderança;35;61;0;0;0
13.783.221/0004-78;2023-12-31;3;134131;Liderança;591;1093;0;0;0
13.783.221/0004-78;2023-12-31;3;134131;Não-liderança;2195;3570;0;0;0
14.110.585/0001-07;2023-12-31;15;137804;Liderança;47;55;1;0;0
14.110.585/0001-07;2023-12-31;15;137804;Não-liderança;143;190;2;0;3
14.127.813/0001-51;2023-12-31;26;136832;Liderança;14;22;0;0;0
14.127.813/0001-51;2023-12-31;26;136832;Não-liderança;74;82;1;0;0
14.191.427/0001-29;2023-12-31;1;128049;Liderança;2;9;0;0;0
14.191.427/0001-29;2023-12-31;1;128049;Não-liderança;11;17;0;0;0
14.388.334/0001-99;2023-12-31;11;135518;Liderança;52;39;0;0;0
14.388.334/0001-99;2023-12-31;11;135518;Não-liderança;211;98;0;0;0
14.776.142/0001-50;2023-12-31;18;136557;Liderança;56;56;0;0;0
14.776.142/0001-50;2023-12-31;18;136557;Não-liderança;326;267;0;0;0
14.785.152/0001-51;2023-12-31;8;137799;Liderança;7;17;0;0;0
14.785.152/0001-51;2023-12-31;8;137799;Não-liderança;33;12;0;0;0
14.807.945/0001-24;2023-12-31;8;137005;Liderança;6;47;0;0;0
14.807.945/0001-24;2023-12-31;8;137005;Não-liderança;131;1228;0;0;5
14.882.295/0001-81;2023-12-31;8;136106;Liderança;30;374;0;0;0
14.882.295/0001-81;2023-12-31;8;136106;Não-liderança;207;1148;0;0;0
14.998.371/0001-19;2023-12-31;5;136057;Liderança;55;204;0;0;0
14.998.371/0001-19;2023-12-31;5;136057;Não-liderança;481;1847;0;0;0
15.073.274/0001-88;2023-12-31;2;128440;Liderança;0;2;0;0;0
15.073.274/0001-88;2023-12-31;2;128440;Não-liderança;0;0;0;0;1
15.101.405/0001-93;2023-12-31;5;131017;Liderança;1;4;0;0;0
15.101.405/0001-93;2023-12-31;5;131017;Não-liderança;1;0;0;0;0
15.115.504/0001-24;2023-12-31;6;136974;Liderança;5;10;0;0;0
15.115.504/0001-24;2023-12-31;6;136974;Não-liderança;46;281;0;0;0
15.139.629/0001-94;2023-12-31;14;135917;Liderança;99;205;0;0;0
15.139.629/0001-94;2023-12-31;14;135917;Não-liderança;952;4217;0;0;0
15.141.799/0001-03;2023-12-31;5;136575;Liderança;16;139;0;0;0
15.141.799/0001-03;2023-12-31;5;136575;Não-liderança;271;2763;0;0;0
15.144.017/0001-90;2023-12-31;9;134209;Liderança;2;6;0;0;0
15.144.017/0001-90;2023-12-31;9;134209;Não-liderança;9;11;0;10;0
16.233.389/0001-55;2023-12-31;7;135762;Liderança;103;94;0;0;0
16.233.389/0001-55;2023-12-31;7;135762;Não-liderança;1121;992;0;0;0
16.234.171/0001-15;2023-12-31;2;129344;Liderança;2;5;0;0;0
16.234.171/0001-15;2023-12-31;2;129344;Não-liderança;13;51;0;0;0
16.404.287/0001-55;2023-12-31;12;137725;Liderança;340;1064;0;0;0
16.404.287/0001-55;2023-12-31;12;137725;Não-liderança;3217;14698;0;0;0
16.590.234/0001-76;2023-12-31;9;136975;Liderança;437;395;0;0;0
16.590.234/0001-76;2023-12-31;9;136975;Não-liderança;3869;2871;0;0;0
16.614.075/0001-00;2023-12-31;10;137670;Liderança;101;138;0;0;0
16.614.075/0001-00;2023-12-31;10;137670;Não-liderança;745;4348;0;0;0
16.670.085/0001-55;2023-12-31;16;137317;Liderança;807;886;0;0;0
16.670.085/0001-55;2023-12-31;16;137317;Não-liderança;6956;8903;0;0;0
16.676.520/0001-59;2023-12-31;9;137955;Liderança;313;115;0;0;0
16.676.520/0001-59;2023-12-31;9;137955;Não-liderança;6249;1904;0;0;0
16.811.931/0001-00;2023-12-31;14;135498;Liderança;119;96;0;0;0
16.811.931/0001-00;2023-12-31;14;135498;Não-liderança;42;55;0;0;0
16.922.038/0001-51;2023-12-31;8;137295;Liderança;23;26;0;0;0
16.922.038/0001-51;2023-12-31;8;137295;Não-liderança;133;117;3;0;0
17.155.730/0001-64;2023-12-31;14;137237;Liderança;37;162;0;0;0
17.155.730/0001-64;2023-12-31;14;137237;Não-liderança;665;4059;0;0;0
17.159.229/0001-76;2023-12-31;1;127979;Liderança;88;104;0;0;0
17.159.229/0001-76;2023-12-31;1;127979;Não-liderança;1555;1699;0;0;0
17.161.241/0001-15;2023-12-31;1;125804;Liderança;5;18;0;0;0
17.161.241/0001-15;2023-12-31;1;125804;Não-liderança;114;323;0;0;0
17.162.082/0001-73;2023-12-31;1;127635;Liderança;1;2;0;0;0
17.162.082/0001-73;2023-12-31;1;127635;Não-liderança;0;6;0;0;0
17.167.396/0001-69;2023-12-31;13;136162;Liderança;0;0;0;0;1
17.167.396/0001-69;2023-12-31;13;136162;Não-liderança;0;0;0;0;1
17.167.412/0001-13;2023-12-31;14;135013;Liderança;47;44;0;0;0
17.167.412/0001-13;2023-12-31;14;135013;Não-liderança;466;245;0;0;0
17.184.037/0001-10;2023-12-31;9;136152;Liderança;296;409;0;0;0
17.184.037/0001-10;2023-12-31;9;136152;Não-liderança;1121;1002;0;0;0
17.193.806/0001-46;2023-12-31;10;134826;Liderança;0;0;0;0;1
17.193.806/0001-46;2023-12-31;10;134826;Não-liderança;0;0;0;0;1
17.245.234/0001-00;2023-12-31;5;133727;Liderança;23;174;0;0;0
17.245.234/0001-00;2023-12-31;5;133727;Não-liderança;1013;2492;0;0;0
17.281.106/0001-03;2023-12-31;23;136672;Liderança;56;1289;0;0;0
17.281.106/0001-03;2023-12-31;23;136672;Não-liderança;861;7984;0;0;0
17.314.329/0001-20;2023-12-31;12;135495;Liderança;170;223;0;0;0
17.314.329/0001-20;2023-12-31;12;135495;Não-liderança;4065;2724;0;535;0
17.344.597/0001-94;2023-12-31;16;137130;Liderança;7;31;0;0;0
17.344.597/0001-94;2023-12-31;16;137130;Não-liderança;60;77;0;0;0
17.359.233/0001-88;2023-12-31;3;136043;Liderança;36;244;0;0;0
17.359.233/0001-88;2023-12-31;3;136043;Não-liderança;542;1843;0;0;0
17.943.792/0001-30;2023-12-31;1;127632;Liderança;2;7;0;0;0
17.943.792/0001-30;2023-12-31;1;127632;Não-liderança;9;8;0;0;0
18.174.270/0001-84;2023-12-31;5;137310;Liderança;27;46;0;0;0
18.174.270/0001-84;2023-12-31;5;137310;Não-liderança;145;167;0;0;0
18.328.118/0001-09;2023-12-31;8;136960;Liderança;72;88;1;0;537
18.328.118/0001-09;2023-12-31;8;136960;Não-liderança;1486;1120;25;4;3980
18.483.666/0001-03;2023-12-31;5;133334;Liderança;5;8;0;0;0
18.483.666/0001-03;2023-12-31;5;133334;Não-liderança;15;21;0;0;0
18.593.815/0001-97;2023-12-31;13;137702;Liderança;70;629;0;0;0
18.593.815/0001-97;2023-12-31;13;137702;Não-liderança;515;4610;0;0;0
19.014.221/0001-47;2023-12-31;6;136189;Liderança;31;130;0;0;0
19.014.221/0001-47;2023-12-31;6;136189;Não-liderança;173;641;0;0;0
19.378.769/0001-76;2023-12-31;3;128238;Liderança;533;219;0;0;0
19.378.769/0001-76;2023-12-31;3;128238;Não-liderança;5225;1507;0;0;0
19.403.252/0001-90;2023-12-31;9;137277;Liderança;46;158;0;0;0
19.403.252/0001-90;2023-12-31;9;137277;Não-liderança;294;684;0;0;0
19.521.322/0001-04;2023-12-31;4;136508;Liderança;13;49;0;0;0
19.521.322/0001-04;2023-12-31;4;136508;Não-liderança;389;377;0;0;0
19.526.748/0001-50;2023-12-31;2;136495;Liderança;16;62;0;0;0
19.526.748/0001-50;2023-12-31;2;136495;Não-liderança;425;812;0;0;0
19.796.586/0001-70;2023-12-31;4;135488;Liderança;106;341;0;0;0
19.796.586/0001-70;2023-12-31;4;135488;Não-liderança;1631;4825;0;0;0
20.247.322/0001-47;2023-12-31;10;135659;Liderança;209;269;0;0;0
20.247.322/0001-47;2023-12-31;10;135659;Não-liderança;380;447;0;0;0
20.258.278/0001-70;2023-12-31;5;136542;Liderança;56;93;0;0;0
20.258.278/0001-70;2023-12-31;5;136542;Não-liderança;383;627;0;0;0
20.512.706/0001-40;2023-12-31;14;136109;Liderança;520;326;0;0;0
20.512.706/0001-40;2023-12-31;14;136109;Não-liderança;5844;3487;0;0;0
21.110.778/0001-23;2023-12-31;6;134532;Liderança;7;28;0;0;0
21.110.778/0001-23;2023-12-31;6;134532;Não-liderança;100;173;0;0;0
21.240.146/0001-84;2023-12-31;16;136597;Liderança;72;405;0;0;0
21.240.146/0001-84;2023-12-31;16;136597;Não-liderança;660;1490;0;0;0
21.254.073/0001-80;2023-12-31;2;136116;Liderança;0;3;0;0;0
21.254.073/0001-80;2023-12-31;2;136116;Não-liderança;5;4;0;0;0
21.255.567/0001-89;2023-12-31;6;136752;Liderança;21;103;0;0;0
21.255.567/0001-89;2023-12-31;6;136752;Não-liderança;515;877;0;0;0
21.314.559/0001-66;2023-12-31;20;137252;Liderança;298;441;0;0;0
21.314.559/0001-66;2023-12-31;20;137252;Não-liderança;2184;3037;0;0;0
21.389.501/0001-81;2023-12-31;10;136680;Liderança;9;16;0;0;0
21.389.501/0001-81;2023-12-31;10;136680;Não-liderança;22;11;0;0;0
21.948.105/0001-47;2023-12-31;1;128063;Liderança;0;5;0;0;0
21.948.105/0001-47;2023-12-31;1;128063;Não-liderança;0;1;0;0;0
21.976.510/0001-79;2023-12-31;1;128064;Liderança;0;5;0;0;0
21.976.510/0001-79;2023-12-31;1;128064;Não-liderança;0;1;0;0;0
22.261.473/0001-85;2023-12-31;11;137116;Liderança;6;35;0;0;0
22.261.473/0001-85;2023-12-31;11;137116;Não-liderança;32;83;0;0;0
22.266.175/0001-88;2023-12-31;13;137810;Liderança;0;0;0;0;1
22.266.175/0001-88;2023-12-31;13;137810;Não-liderança;0;0;0;0;1510
22.543.331/0001-00;2023-12-31;9;136588;Liderança;23;42;0;0;0
22.543.331/0001-00;2023-12-31;9;136588;Não-liderança;37;27;0;0;0
22.677.520/0001-76;2023-12-31;7;136799;Liderança;2;9;0;0;0
22.677.520/0001-76;2023-12-31;7;136799;Não-liderança;0;0;0;0;1
23.041.875/0001-37;2023-12-31;5;135482;Liderança;271;457;0;0;0
23.041.875/0001-37;2023-12-31;5;135482;Não-liderança;16352;16346;0;4;0
23.236.821/0001-27;2023-12-31;5;135757;Liderança;26;37;0;0;0
23.236.821/0001-27;2023-12-31;5;135757;Não-liderança;246;700;0;0;0
23.373.000/0001-32;2023-12-31;18;136159;Liderança;67;268;0;0;0
23.373.000/0001-32;2023-12-31;18;136159;Não-liderança;483;2009;0;0;0
23.438.929/0001-00;2023-12-31;6;133243;Liderança;132;268;0;0;0
23.438.929/0001-00;2023-12-31;6;133243;Não-liderança;582;1042;0;0;0
24.230.275/0001-80;2023-12-31;2;136596;Liderança;69;102;0;1;0
24.230.275/0001-80;2023-12-31;2;136596;Não-liderança;158;95;3;1;0
24.396.489/0001-20;2023-12-31;10;136914;Liderança;275;656;0;0;0
24.396.489/0001-20;2023-12-31;10;136914;Não-liderança;1222;4197;0;0;0
24.410.913/0001-44;2023-12-31;3;129753;Liderança;689;934;5;9;27
24.410.913/0001-44;2023-12-31;3;129753;Não-liderança;2774;3348;50;54;159
24.921.465/0001-43;2023-12-31;3;131996;Liderança;11;34;0;0;0
24.921.465/0001-43;2023-12-31;3;131996;Não-liderança;600;1009;0;0;0
24.962.466/0001-36;2023-12-31;6;135531;Liderança;111;374;0;0;0
24.962.466/0001-36;2023-12-31;6;135531;Não-liderança;856;6973;0;0;0
24.990.777/0001-09;2023-12-31;9;137712;Liderança;1006;2565;0;0;0
24.990.777/0001-09;2023-12-31;9;137712;Não-liderança;17158;26083;0;0;0
25.089.509/0001-83;2023-12-31;7;136127;Liderança;39;119;0;0;0
25.089.509/0001-83;2023-12-31;7;136127;Não-liderança;154;785;0;0;0
25.249.439/0001-83;2023-12-31;5;134235;Liderança;170;81;0;0;0
25.249.439/0001-83;2023-12-31;5;134235;Não-liderança;6289;1790;0;0;0
25.369.840/0001-57;2023-12-31;11;137379;Liderança;48;97;0;0;0
25.369.840/0001-57;2023-12-31;11;137379;Não-liderança;236;334;0;0;0
26.072.786/0001-46;2023-12-31;3;136118;Liderança;0;0;0;0;63
26.072.786/0001-46;2023-12-31;3;136118;Não-liderança;0;0;0;0;2983
26.345.998/0001-50;2023-12-31;11;137722;Liderança;20;73;0;1;0
26.345.998/0001-50;2023-12-31;11;137722;Não-liderança;84;156;0;2;3
26.462.693/0001-28;2023-12-31;4;136129;Liderança;32;26;0;0;1
26.462.693/0001-28;2023-12-31;4;136129;Não-liderança;46;167;0;0;8
26.659.061/0001-59;2023-12-31;12;137861;Liderança;695;57;0;0;0
26.659.061/0001-59;2023-12-31;12;137861;Não-liderança;3985;130;0;0;0
27.093.558/0001-15;2023-12-31;9;138941;Liderança;50;161;0;0;0
27.093.558/0001-15;2023-12-31;9;138941;Não-liderança;436;1306;0;0;0
27.743.642/0001-37;2023-12-31;4;132766;Liderança;0;1;0;0;0
27.743.642/0001-37;2023-12-31;4;132766;Não-liderança;1;2;0;0;0
28.127.603/0001-78;2023-12-31;15;136663;Liderança;200;246;0;0;0
28.127.603/0001-78;2023-12-31;15;136663;Não-liderança;672;955;0;0;0
28.195.667/0001-06;2023-12-31;16;137178;Liderança;45;154;0;0;0
28.195.667/0001-06;2023-12-31;16;137178;Não-liderança;309;535;0;0;0
28.594.234/0001-23;2023-12-31;9;137267;Liderança;0;0;0;0;74
28.594.234/0001-23;2023-12-31;9;137267;Não-liderança;0;0;0;0;227
29.780.061/0001-09;2023-12-31;10;137931;Liderança;12;14;0;0;0
29.780.061/0001-09;2023-12-31;10;137931;Não-liderança;26;24;0;0;0
29.950.060/0001-57;2023-12-31;4;137893;Liderança;10;33;0;0;0
29.950.060/0001-57;2023-12-31;4;137893;Não-liderança;45;215;0;0;0
29.980.141/0001-08;2023-12-31;7;137329;Liderança;20;45;0;0;0
29.980.141/0001-08;2023-12-31;7;137329;Não-liderança;132;1539;0;0;0
30.213.493/0001-09;2023-12-31;4;135143;Liderança;82;117;0;0;0
30.213.493/0001-09;2023-12-31;4;135143;Não-liderança;235;491;0;0;0
30.306.294/0001-45;2023-12-31;14;138412;Liderança;456;1332;0;0;0
30.306.294/0001-45;2023-12-31;14;138412;Não-liderança;1442;2769;0;0;0
30.540.991/0001-66;2023-12-31;4;136008;Liderança;3;20;0;0;0
30.540.991/0001-66;2023-12-31;4;136008;Não-liderança;53;80;0;0;0
30.723.886/0001-62;2023-12-31;3;128855;Liderança;49;181;0;0;0
30.723.886/0001-62;2023-12-31;3;128855;Não-liderança;294;567;0;0;0
31.553.627/0001-01;2023-12-31;11;136766;Liderança;51;139;0;0;0
31.553.627/0001-01;2023-12-31;11;136766;Não-liderança;233;327;0;0;58
31.748.174/0001-60;2023-12-31;10;135631;Liderança;88;199;0;0;0
31.748.174/0001-60;2023-12-31;10;135631;Não-liderança;920;1363;0;0;0
32.021.201/0001-61;2023-12-31;12;134315;Liderança;33;83;0;4;66
32.021.201/0001-61;2023-12-31;12;134315;Não-liderança;91;181;0;17;423
32.681.371/0001-72;2023-12-31;3;134520;Liderança;60;196;0;0;0
32.681.371/0001-72;2023-12-31;3;134520;Não-liderança;1191;8338;0;0;0
32.785.497/0001-97;2023-12-31;12;137902;Liderança;470;336;0;0;0
32.785.497/0001-97;2023-12-31;12;137902;Não-liderança;4521;3035;0;0;1
33.000.167/0001-01;2023-12-31;26;137831;Liderança;105;214;0;0;4209
33.000.167/0001-01;2023-12-31;26;137831;Não-liderança;362;805;7;0;32980
33.035.536/0001-00;2023-12-31;4;135887;Liderança;7;13;0;0;0
33.035.536/0001-00;2023-12-31;4;135887;Não-liderança;28;44;0;0;10
33.040.601/0001-87;2023-12-31;4;136154;Liderança;0;7;0;0;0
33.040.601/0001-87;2023-12-31;4;136154;Não-liderança;0;0;0;0;1
33.041.260/0652-90;2023-12-31;23;137451;Liderança;540;1056;0;0;0
33.041.260/0652-90;2023-12-31;23;137451;Não-liderança;18621;21649;0;0;0
33.042.730/0001-04;2023-12-31;9;137659;Liderança;169;1100;0;0;0
33.042.730/0001-04;2023-12-31;9;137659;Não-liderança;5263;19598;0;0;0
33.050.071/0001-58;2023-12-31;14;135754;Liderança;22;61;0;0;43
33.050.071/0001-58;2023-12-31;14;135754;Não-liderança;157;345;2;3;530
33.102.476/0001-92;2023-12-31;4;137041;Liderança;0;4;0;0;0
33.102.476/0001-92;2023-12-31;4;137041;Não-liderança;10;12;0;0;0
33.113.309/0001-47;2023-12-31;12;136868;Liderança;57;156;0;0;0
33.113.309/0001-47;2023-12-31;12;136868;Não-liderança;1091;1311;0;0;0
33.130.691/0001-05;2023-12-31;6;135829;Liderança;104;245;0;0;1
33.130.691/0001-05;2023-12-31;6;135829;Não-liderança;702;2860;2;0;6
33.200.049/0001-47;2023-12-31;1;127255;Liderança;17;35;0;0;0
33.200.049/0001-47;2023-12-31;1;127255;Não-liderança;114;199;0;0;0
33.228.024/0001-51;2023-12-31;3;136911;Liderança;0;0;0;0;133
33.228.024/0001-51;2023-12-31;3;136911;Não-liderança;0;0;0;0;813
33.256.439/0001-39;2023-12-31;7;137601;Liderança;371;803;0;0;0
33.256.439/0001-39;2023-12-31;7;137601;Não-liderança;2656;5948;0;0;0
33.352.394/0001-04;2023-12-31;5;135886;Liderança;0;0;0;0;577
33.352.394/0001-04;2023-12-31;5;135886;Não-liderança;156;347;0;5;2243
33.376.989/0001-91;2023-12-31;13;137703;Liderança;16;38;0;0;0
33.376.989/0001-91;2023-12-31;13;137703;Não-liderança;162;164;0;0;0
33.386.210/0001-19;2023-12-31;1;127857;Liderança;4;7;0;0;0
33.386.210/0001-19;2023-12-31;1;127857;Não-liderança;109;184;0;0;0
33.467.572/0001-34;2023-12-31;2;136507;Liderança;6;32;0;0;0
33.467.572/0001-34;2023-12-31;2;136507;Não-liderança;55;282;0;1;0
33.541.368/0001-16;2023-12-31;6;136210;Liderança;57;196;0;0;0
33.541.368/0001-16;2023-12-31;6;136210;Não-liderança;409;2032;0;0;0
33.572.408/0001-97;2023-12-31;5;136586;Liderança;111;374;0;0;0
33.572.408/0001-97;2023-12-31;5;136586;Não-liderança;856;6973;0;0;0
33.592.510/0001-54;2023-12-31;22;137025;Liderança;1109;4246;0;0;0
33.592.510/0001-54;2023-12-31;22;137025;Não-liderança;13133;46026;0;0;2
33.611.500/0001-19;2023-12-31;13;138034;Liderança;1124;3484;0;0;2
33.611.500/0001-19;2023-12-31;13;138034;Não-liderança;3379;22607;0;0;2
33.839.910/0001-11;2023-12-31;10;136574;Liderança;475;105;0;0;0
33.839.910/0001-11;2023-12-31;10;136574;Não-liderança;3447;430;0;0;0
33.938.119/0001-69;2023-12-31;5;137821;Liderança;53;56;0;0;0
33.938.119/0001-69;2023-12-31;5;137821;Não-liderança;96;167;0;0;0
33.958.695/0001-78;2023-12-31;15;135966;Liderança;30;130;0;0;35
33.958.695/0001-78;2023-12-31;15;135966;Não-liderança;111;631;0;0;494
34.169.557/0001-72;2023-12-31;4;130647;Liderança;1;3;0;0;0
34.169.557/0001-72;2023-12-31;4;130647;Não-liderança;0;3;0;0;0
34.274.233/0001-02;2023-12-31;22;138000;Liderança;62;211;0;0;0
34.274.233/0001-02;2023-12-31;22;138000;Não-liderança;924;2167;0;0;0
35.727.157/0001-06;2023-12-31;3;137551;Liderança;1;1;0;0;0
35.727.157/0001-06;2023-12-31;3;137551;Não-liderança;5;60;0;0;0
35.791.391/0001-94;2023-12-31;9;138043;Liderança;33;109;0;0;0
35.791.391/0001-94;2023-12-31;9;138043;Não-liderança;376;1253;0;0;0
36.542.025/0001-64;2023-12-31;5;134174;Liderança;96;185;0;0;0
36.542.025/0001-64;2023-12-31;5;134174;Não-liderança;743;2124;0;0;0
37.663.076/0001-07;2023-12-31;15;137741;Liderança;27;71;0;0;0
37.663.076/0001-07;2023-12-31;15;137741;Não-liderança;151;345;0;0;0
37.702.340/0001-74;2023-12-31;2;130746;Liderança;52;40;0;0;0
37.702.340/0001-74;2023-12-31;2;130746;Não-liderança;338;175;0;0;0
38.199.406/0001-18;2023-12-31;2;133614;Liderança;1;40;0;0;0
38.199.406/0001-18;2023-12-31;2;133614;Não-liderança;21;335;0;0;0
38.307.135/0001-77;2023-12-31;4;135507;Liderança;0;0;0;0;1
38.307.135/0001-77;2023-12-31;4;135507;Não-liderança;0;0;0;0;1
38.456.921/0001-36;2023-12-31;14;136778;Liderança;132;173;0;0;0
38.456.921/0001-36;2023-12-31;14;136778;Não-liderança;1761;1136;0;0;0
39.115.514/0001-28;2023-12-31;4;136587;Liderança;111;374;0;0;0
39.115.514/0001-28;2023-12-31;4;136587;Não-liderança;856;6973;0;0;0
39.346.861/0350-38;2023-12-31;7;137657;Liderança;910;1627;0;0;0
39.346.861/0350-38;2023-12-31;7;137657;Não-liderança;8920;8310;0;0;0
39.580.673/0001-01;2023-12-31;6;137846;Liderança;27;67;0;0;0
39.580.673/0001-01;2023-12-31;6;137846;Não-liderança;113;385;0;0;0
39.881.421/0001-04;2023-12-31;2;137198;Liderança;19;40;0;0;0
39.881.421/0001-04;2023-12-31;2;137198;Não-liderança;13;146;0;0;0
40.159.947/0001-64;2023-12-31;7;137862;Liderança;27;141;0;0;0
40.159.947/0001-64;2023-12-31;7;137862;Não-liderança;450;1538;0;0;0
40.263.170/0001-83;2023-12-31;4;135922;Liderança;147;419;0;0;0
40.263.170/0001-83;2023-12-31;4;135922;Não-liderança;1645;8587;0;0;0
40.337.136/0001-06;2023-12-31;11;137840;Liderança;6;4;0;0;0
40.337.136/0001-06;2023-12-31;11;137840;Não-liderança;5;5;0;0;1
40.593.395/0001-06;2023-12-31;3;128889;Liderança;0;3;0;0;0
40.593.395/0001-06;2023-12-31;3;128889;Não-liderança;0;0;0;0;1
41.052.420/0001-07;2023-12-31;7;132838;Liderança;356;977;0;0;0
41.052.420/0001-07;2023-12-31;7;132838;Não-liderança;3217;13235;0;0;0
41.096.674/0001-19;2023-12-31;6;136716;Liderança;28;87;0;0;0
41.096.674/0001-19;2023-12-31;6;136716;Não-liderança;463;576;0;0;0
41.886.692/0001-02;2023-12-31;4;137399;Liderança;4;6;0;0;0
41.886.692/0001-02;2023-12-31;4;137399;Não-liderança;192;103;0;0;0
42.150.391/0001-70;2023-12-31;11;137858;Liderança;325;656;0;0;0
42.150.391/0001-70;2023-12-31;11;137858;Não-liderança;1914;5773;0;0;0
42.233.757/0001-75;2023-12-31;1;128045;Liderança;0;2;0;0;0
42.233.757/0001-75;2023-12-31;1;128045;Não-liderança;0;0;0;0;1
42.278.291/0001-24;2023-12-31;10;137740;Liderança;39;126;0;0;0
42.278.291/0001-24;2023-12-31;10;137740;Não-liderança;234;632;0;0;0
42.278.473/0001-03;2023-12-31;9;137096;Liderança;107;116;0;0;89
42.278.473/0001-03;2023-12-31;9;137096;Não-liderança;751;491;4;3;371
42.331.462/0001-31;2023-12-31;5;133674;Liderança;10;54;0;0;0
42.331.462/0001-31;2023-12-31;5;133674;Não-liderança;164;408;0;0;0
42.500.384/0001-51;2023-12-31;6;134406;Liderança;28;68;0;0;0
42.500.384/0001-51;2023-12-31;6;134406;Não-liderança;88;154;0;0;0
42.737.954/0001-21;2023-12-31;9;134281;Liderança;221;407;0;0;0
42.737.954/0001-21;2023-12-31;9;134281;Não-liderança;1458;1985;0;0;0
42.771.949/0001-35;2023-12-31;19;137491;Liderança;307;160;0;0;0
42.771.949/0001-35;2023-12-31;19;137491;Não-liderança;3819;1223;0;0;0
43.283.811/0001-50;2023-12-31;1;127902;Liderança;197;391;0;0;0
43.283.811/0001-50;2023-12-31;1;127902;Não-liderança;2004;2281;0;0;0
43.470.988/0001-65;2023-12-31;11;137609;Liderança;41;54;0;0;0
43.470.988/0001-65;2023-12-31;11;137609;Não-liderança;212;376;0;0;0
43.513.237/0001-89;2023-12-31;1;131652;Liderança;106;233;0;0;0
43.513.237/0001-89;2023-12-31;1;131652;Não-liderança;870;1583;0;0;0
43.776.517/0001-80;2023-12-31;11;136741;Liderança;144;296;0;2;1462
43.776.517/0001-80;2023-12-31;11;136741;Não-liderança;581;1090;5;3;8716
43.948.405/0001-69;2023-12-31;2;136669;Liderança;226;153;0;0;0
43.948.405/0001-69;2023-12-31;2;136669;Não-liderança;6746;1829;0;0;0
45.242.914/0001-05;2023-12-31;4;131429;Liderança;652;353;2;5;133
45.242.914/0001-05;2023-12-31;4;131429;Não-liderança;9050;4093;72;89;1556
45.365.558/0001-09;2023-12-31;9;137671;Liderança;0;0;0;0;196
45.365.558/0001-09;2023-12-31;9;137671;Não-liderança;0;0;0;0;999
45.453.214/0001-51;2023-12-31;9;137936;Liderança;126;250;0;0;0
45.453.214/0001-51;2023-12-31;9;137936;Não-liderança;1860;1718;0;0;0
45.987.245/0001-92;2023-12-31;9;136700;Liderança;162;87;0;0;0
45.987.245/0001-92;2023-12-31;9;136700;Não-liderança;1819;822;0;0;0
46.119.855/0001-37;2023-12-31;5;133162;Liderança;0;0;0;0;137
46.119.855/0001-37;2023-12-31;5;133162;Não-liderança;0;0;0;0;2000
47.508.411/0001-56;2023-12-31;9;134287;Liderança;418;681;0;0;0
47.508.411/0001-56;2023-12-31;9;134287;Não-liderança;20036;17708;0;0;0
47.960.950/0001-21;2023-12-31;6;136524;Liderança;2596;2981;0;0;0
47.960.950/0001-21;2023-12-31;6;136524;Não-liderança;14109;14828;0;0;0
49.263.189/0001-02;2023-12-31;5;137787;Liderança;28;37;0;0;0
49.263.189/0001-02;2023-12-31;5;137787;Não-liderança;147;68;0;0;0
49.669.856/0001-43;2023-12-31;11;137826;Liderança;294;117;0;143;0
49.669.856/0001-43;2023-12-31;11;137826;Não-liderança;2000;657;1;526;60
50.564.053/0001-03;2023-12-31;5;137135;Liderança;16;47;0;0;0
50.564.053/0001-03;2023-12-31;5;137135;Não-liderança;634;1635;0;0;0
50.746.577/0001-15;2023-12-31;13;136131;Liderança;22;20;0;0;0
50.746.577/0001-15;2023-12-31;13;136131;Não-liderança;51;37;0;0;0
50.926.955/0001-42;2023-12-31;9;136697;Liderança;304;647;0;0;0
50.926.955/0001-42;2023-12-31;9;136697;Não-liderança;8559;8517;0;0;0
51.128.999/0001-90;2023-12-31;6;136010;Liderança;5;14;0;0;0
51.128.999/0001-90;2023-12-31;6;136010;Não-liderança;22;140;0;0;0
51.928.174/0001-50;2023-12-31;7;137125;Liderança;22;190;0;0;0
51.928.174/0001-50;2023-12-31;7;137125;Não-liderança;526;1448;0;0;0
52.123.916/0001-32;2023-12-31;3;131674;Liderança;0;0;0;0;142
52.123.916/0001-32;2023-12-31;3;131674;Não-liderança;0;0;0;0;2905
52.548.435/0001-79;2023-12-31;9;136718;Liderança;250;886;0;0;0
52.548.435/0001-79;2023-12-31;9;136718;Não-liderança;4377;21952;0;0;0
53.113.791/0001-22;2023-12-31;9;136153;Liderança;564;965;0;0;0
53.113.791/0001-22;2023-12-31;9;136153;Não-liderança;3338;5564;0;0;0
56.643.018/0001-66;2023-12-31;7;137433;Liderança;43;222;0;0;0
56.643.018/0001-66;2023-12-31;7;137433;Não-liderança;423;2261;0;0;0
56.720.428/0001-63;2023-12-31;7;135647;Liderança;10;110;0;0;0
56.720.428/0001-63;2023-12-31;7;135647;Não-liderança;273;1606;0;0;0
56.992.423/0001-90;2023-12-31;2;136160;Liderança;0;6;0;0;0
56.992.423/0001-90;2023-12-31;2;136160;Não-liderança;6;18;0;0;0
58.119.199/0001-51;2023-12-31;7;137798;Liderança;76;66;1;1;40
58.119.199/0001-51;2023-12-31;7;137798;Não-liderança;805;299;2;5;431
58.430.828/0001-60;2023-12-31;4;136915;Liderança;64;84;0;0;0
58.430.828/0001-60;2023-12-31;4;136915;Não-liderança;850;623;0;0;0
59.105.999/0001-86;2023-12-31;9;137424;Liderança;47;118;0;0;0
59.105.999/0001-86;2023-12-31;9;137424;Não-liderança;5806;5959;0;0;0
59.285.411/0001-13;2023-12-31;17;137010;Liderança;177;335;0;0;0
59.285.411/0001-13;2023-12-31;17;137010;Não-liderança;1051;1293;0;0;0
59.418.806/0001-47;2023-12-31;7;136807;Liderança;65;39;0;0;0
59.418.806/0001-47;2023-12-31;7;136807;Não-liderança;1087;276;0;0;0
59.717.553/0001-02;2023-12-31;8;135997;Liderança;138;198;0;0;0
59.717.553/0001-02;2023-12-31;8;135997;Não-liderança;3129;2308;0;0;0
59.789.545/0001-71;2023-12-31;2;130853;Liderança;0;0;0;0;1
59.789.545/0001-71;2023-12-31;2;130853;Não-liderança;0;0;0;0;1
59.981.829/0001-65;2023-12-31;5;138010;Liderança;84;314;0;0;0
59.981.829/0001-65;2023-12-31;5;138010;Não-liderança;1202;1615;0;0;0
60.444.437/0001-46;2023-12-31;7;136668;Liderança;40;101;0;0;0
60.444.437/0001-46;2023-12-31;7;136668;Não-liderança;771;3334;0;0;0
60.476.884/0001-87;2023-12-31;15;137603;Liderança;36;281;0;5;12
60.476.884/0001-87;2023-12-31;15;137603;Não-liderança;980;5163;0;131;261
60.500.139/0001-26;2023-12-31;11;131217;Liderança;38;45;0;0;0
60.500.139/0001-26;2023-12-31;11;131217;Não-liderança;203;157;0;0;0
60.537.263/0001-66;2023-12-31;7;137619;Liderança;52;184;0;0;0
60.537.263/0001-66;2023-12-31;7;137619;Não-liderança;1243;3937;0;0;0
60.543.816/0001-93;2023-12-31;13;135854;Liderança;102;71;0;0;0
60.543.816/0001-93;2023-12-31;13;135854;Não-liderança;268;172;0;0;0
60.651.809/0001-05;2023-12-31;5;137466;Liderança;5;3;0;0;0
60.651.809/0001-05;2023-12-31;5;137466;Não-liderança;12;7;0;0;0
60.730.348/0001-66;2023-12-31;2;131732;Liderança;24;39;0;0;0
60.730.348/0001-66;2023-12-31;2;131732;Não-liderança;92;241;0;0;0
60.746.948/0001-12;2023-12-31;27;137689;Liderança;4059;7650;0;0;0
60.746.948/0001-12;2023-12-31;27;137689;Não-liderança;40583;35519;0;0;0
60.770.336/0001-65;2023-12-31;20;135011;Liderança;38;69;0;0;0
60.770.336/0001-65;2023-12-31;20;135011;Não-liderança;117;174;0;0;0
60.840.055/0001-31;2023-12-31;12;136614;Liderança;640;326;0;0;0
60.840.055/0001-31;2023-12-31;12;136614;Não-liderança;10257;2379;0;0;0
60.851.615/0001-53;2023-12-31;5;137770;Liderança;0;10;0;0;0
60.851.615/0001-53;2023-12-31;5;137770;Não-liderança;9;83;0;0;0
60.872.504/0001-23;2023-12-31;11;136081;Liderança;651;764;2;0;11098
60.872.504/0001-23;2023-12-31;11;136081;Não-liderança;3394;3331;62;0;73489
60.884.319/0001-59;2023-12-31;1;127809;Liderança;0;1;0;0;0
60.884.319/0001-59;2023-12-31;1;127809;Não-liderança;1;0;0;0;0
60.894.730/0001-05;2023-12-31;19;137617;Liderança;50;255;0;0;0
60.894.730/0001-05;2023-12-31;19;137617;Não-liderança;1490;14083;0;0;0
61.022.042/0001-18;2023-12-31;5;137673;Liderança;17;19;0;0;0
61.022.042/0001-18;2023-12-31;5;137673;Não-liderança;26;64;0;0;0
61.065.298/0001-02;2023-12-31;3;134156;Liderança;10;52;0;0;0
61.065.298/0001-02;2023-12-31;3;134156;Não-liderança;227;1556;0;0;0
61.065.751/0001-80;2023-12-31;4;137803;Liderança;9;9;0;0;0
61.065.751/0001-80;2023-12-31;4;137803;Não-liderança;36;42;0;0;0
61.079.117/0001-05;2023-12-31;15;137696;Liderança;56;72;0;0;0
61.079.117/0001-05;2023-12-31;15;137696;Não-liderança;4215;11792;0;0;0
61.080.313/0001-91;2023-12-31;1;124818;Liderança;0;0;0;0;0
61.080.313/0001-91;2023-12-31;1;124818;Não-liderança;0;0;0;0;0
61.082.004/0001-50;2023-12-31;5;136114;Liderança;9;17;0;0;0
61.082.004/0001-50;2023-12-31;5;136114;Não-liderança;286;232;0;4;0
61.088.894/0001-08;2023-12-31;5;135748;Liderança;31;118;0;0;0
61.088.894/0001-08;2023-12-31;5;135748;Não-liderança;1177;1785;0;0;0
61.156.113/0001-75;2023-12-31;10;137505;Liderança;160;831;0;0;0
61.156.113/0001-75;2023-12-31;10;137505;Não-liderança;1330;15140;0;0;0
61.156.931/0001-78;2023-12-31;2;129749;Liderança;0;1;0;0;0
61.156.931/0001-78;2023-12-31;2;129749;Não-liderança;2;8;0;0;0
61.186.680/0001-74;2023-12-31;15;136646;Liderança;89;172;0;0;0
61.186.680/0001-74;2023-12-31;15;136646;Não-liderança;556;474;0;0;0
61.189.288/0001-89;2023-12-31;21;138004;Liderança;923;257;0;0;0
61.189.288/0001-89;2023-12-31;21;138004;Não-liderança;4699;1539;0;0;0
61.190.096/0001-92;2023-12-31;13;135902;Liderança;205;494;0;0;0
61.190.096/0001-92;2023-12-31;13;135902;Não-liderança;2347;3516;0;0;0
61.351.532/0001-68;2023-12-31;13;137928;Liderança;4;6;0;0;0
61.351.532/0001-68;2023-12-31;13;137928;Não-liderança;26;55;0;0;0
61.374.161/0001-30;2023-12-31;3;131057;Liderança;7;22;0;0;0
61.374.161/0001-30;2023-12-31;3;131057;Não-liderança;90;258;0;0;0
61.409.892/0001-73;2023-12-31;4;136682;Liderança;19;90;0;0;0
61.409.892/0001-73;2023-12-31;4;136682;Não-liderança;956;4550;0;0;0
61.486.650/0001-83;2023-12-31;19;136991;Liderança;2040;1000;0;0;0
61.486.650/0001-83;2023-12-31;19;136991;Não-liderança;36714;10579;0;0;0
61.532.644/0001-15;2023-12-31;6;137667;Liderança;9;3;0;0;0
61.532.644/0001-15;2023-12-31;6;137667;Não-liderança;39;29;0;0;0
61.584.140/0001-49;2023-12-31;3;137086;Liderança;0;0;0;0;1
61.584.140/0001-49;2023-12-31;3;137086;Não-liderança;0;0;0;0;1
61.585.865/0001-51;2023-12-31;10;137915;Liderança;2282;1348;0;0;0
61.585.865/0001-51;2023-12-31;10;137915;Não-liderança;31768;17641;0;0;0
61.856.571/0001-17;2023-12-31;8;137500;Liderança;51;66;0;0;0
61.856.571/0001-17;2023-12-31;8;137500;Não-liderança;334;643;0;0;0
62.002.886/0001-60;2023-12-31;10;137895;Liderança;11;19;0;0;0
62.002.886/0001-60;2023-12-31;10;137895;Não-liderança;58;70;0;0;0
62.144.175/0001-20;2023-12-31;33;136647;Liderança;1;15;0;0;0
62.144.175/0001-20;2023-12-31;33;136647;Não-liderança;77;90;0;0;128
62.232.889/0001-90;2023-12-31;3;133524;Liderança;231;429;0;0;0
62.232.889/0001-90;2023-12-31;3;133524;Não-liderança;1471;1301;0;0;0
62.258.884/0001-36;2023-12-31;5;137829;Liderança;56;233;0;0;0
62.258.884/0001-36;2023-12-31;5;137829;Não-liderança;320;1400;0;0;0
62.984.091/0001-02;2023-12-31;11;137707;Liderança;194;149;0;0;0
62.984.091/0001-02;2023-12-31;11;137707;Não-liderança;3871;3012;0;0;0
67.010.660/0001-24;2023-12-31;6;137136;Liderança;35;65;0;0;0
67.010.660/0001-24;2023-12-31;6;137136;Não-liderança;223;219;0;0;0
67.571.414/0001-41;2023-12-31;18;136928;Liderança;5;11;0;0;0
67.571.414/0001-41;2023-12-31;18;136928;Não-liderança;51;36;0;0;0
67.620.377/0001-14;2023-12-31;9;136838;Liderança;272;929;0;0;0
67.620.377/0001-14;2023-12-31;9;136838;Não-liderança;5970;16026;0;0;0
71.208.516/0001-74;2023-12-31;5;135508;Liderança;82;268;0;0;0
71.208.516/0001-74;2023-12-31;5;135508;Não-liderança;1046;2927;0;0;0
71.476.527/0001-35;2023-12-31;16;136098;Liderança;129;170;0;0;0
71.476.527/0001-35;2023-12-31;16;136098;Não-liderança;1077;2868;0;0;0
73.178.600/0001-18;2023-12-31;6;137801;Liderança;142;208;0;0;0
73.178.600/0001-18;2023-12-31;6;137801;Não-liderança;1608;3440;0;0;0
75.315.333/0001-09;2023-12-31;15;135906;Liderança;2033;3435;0;0;0
75.315.333/0001-09;2023-12-31;15;135906;Não-liderança;74085;70800;0;0;0
75.609.123/0001-23;2023-12-31;14;134259;Liderança;32;100;0;0;0
75.609.123/0001-23;2023-12-31;14;134259;Não-liderança;339;1205;0;0;0
76.483.817/0001-20;2023-12-31;20;136123;Liderança;89;298;0;0;0
76.483.817/0001-20;2023-12-31;20;136123;Não-liderança;1179;4309;0;0;0
76.484.013/0001-45;2023-12-31;13;137663;Liderança;47;91;0;1;3
76.484.013/0001-45;2023-12-31;13;137663;Não-liderança;487;1022;11;53;86
76.535.764/0001-43;2023-12-31;16;137764;Liderança;505;1032;0;0;0
76.535.764/0001-43;2023-12-31;16;137764;Não-liderança;8967;13068;0;0;0
79.430.682/0001-22;2023-12-31;6;135921;Liderança;248;150;0;0;0
79.430.682/0001-22;2023-12-31;6;135921;Não-liderança;4295;1692;0;0;0
80.680.093/0001-81;2023-12-31;2;133245;Liderança;63;108;0;0;51
80.680.093/0001-81;2023-12-31;2;133245;Não-liderança;640;1158;3;4;581
81.243.735/0001-48;2023-12-31;14;137753;Liderança;100;230;0;0;0
81.243.735/0001-48;2023-12-31;14;137753;Não-liderança;1331;1376;0;0;0
81.616.807/0001-55;2023-12-31;5;133328;Liderança;21;89;0;0;0
81.616.807/0001-55;2023-12-31;5;133328;Não-liderança;380;1000;0;0;0
82.120.676/0001-83;2023-12-31;1;127897;Liderança;18;27;0;0;0
82.120.676/0001-83;2023-12-31;1;127897;Não-liderança;400;415;0;0;0
82.508.433/0001-17;2023-12-31;6;135666;Liderança;77;226;0;0;0
82.508.433/0001-17;2023-12-31;6;135666;Não-liderança;466;1927;0;0;0
82.640.558/0001-04;2023-12-31;5;135562;Liderança;39;45;0;0;0
82.640.558/0001-04;2023-12-31;5;135562;Não-liderança;1489;1002;0;0;0
82.643.537/0001-34;2023-12-31;8;137145;Liderança;0;0;0;0;92
82.643.537/0001-34;2023-12-31;8;137145;Não-liderança;0;0;0;0;1239
82.901.000/0001-27;2023-12-31;3;135975;Liderança;110;212;0;0;0
82.901.000/0001-27;2023-12-31;3;135975;Não-liderança;1894;2500;0;0;0
82.982.075/0001-80;2023-12-31;2;130627;Liderança;7;36;0;0;0
82.982.075/0001-80;2023-12-31;2;130627;Não-liderança;130;469;0;0;0
83.475.913/0001-91;2023-12-31;5;138046;Liderança;108;170;0;0;0
83.475.913/0001-91;2023-12-31;5;138046;Não-liderança;1176;2513;0;0;0
83.878.892/0001-55;2023-12-31;12;137642;Liderança;118;340;0;0;0
83.878.892/0001-55;2023-12-31;12;137642;Não-liderança;819;2648;0;0;0
84.429.695/0001-11;2023-12-31;6;136075;Liderança;204;1665;0;0;0
84.429.695/0001-11;2023-12-31;6;136075;Não-liderança;8114;29154;0;0;0
84.683.374/0001-49;2023-12-31;16;137700;Liderança;39;626;0;0;0
84.683.374/0001-49;2023-12-31;16;137700;Não-liderança;1358;15916;0;0;1634
84.683.408/0001-03;2023-12-31;3;135674;Liderança;83;251;0;0;0
84.683.408/0001-03;2023-12-31;3;135674;Não-liderança;1228;1551;0;0;0
84.683.671/0001-94;2023-12-31;4;133542;Liderança;9;27;0;0;0
84.683.671/0001-94;2023-12-31;4;133542;Não-liderança;170;866;0;0;0
84.693.183/0001-68;2023-12-31;4;135472;Liderança;11;107;0;0;0
84.693.183/0001-68;2023-12-31;4;135472;Não-liderança;357;2993;0;0;0
85.041.333/0001-11;2023-12-31;3;128576;Liderança;0;10;0;0;0
85.041.333/0001-11;2023-12-31;3;128576;Não-liderança;25;229;0;0;0
85.778.074/0001-06;2023-12-31;7;136049;Liderança;2;49;0;0;0
85.778.074/0001-06;2023-12-31;7;136049;Não-liderança;113;713;0;0;0
86.375.425/0001-09;2023-12-31;3;136655;Liderança;0;0;0;0;29
86.375.425/0001-09;2023-12-31;3;136655;Não-liderança;0;0;0;0;1170
87.043.832/0001-73;2023-12-31;6;136999;Liderança;0;3;0;0;0
87.043.832/0001-73;2023-12-31;6;136999;Não-liderança;0;1;0;0;0
87.456.562/0001-22;2023-12-31;2;136062;Liderança;2;22;0;0;0
87.456.562/0001-22;2023-12-31;2;136062;Não-liderança;178;1216;0;0;0
87.762.563/0001-03;2023-12-31;7;137839;Liderança;11;28;0;0;0
87.762.563/0001-03;2023-12-31;7;137839;Não-liderança;74;88;0;0;0
87.870.952/0001-44;2023-12-31;4;135560;Liderança;16;98;0;0;0
87.870.952/0001-44;2023-12-31;4;135560;Não-liderança;601;1896;0;0;0
88.610.126/0001-29;2023-12-31;7;136794;Liderança;21;143;0;0;0
88.610.126/0001-29;2023-12-31;7;136794;Não-liderança;1067;4225;0;0;0
88.610.191/0001-54;2023-12-31;4;139048;Liderança;29;68;0;0;0
88.610.191/0001-54;2023-12-31;4;139048;Não-liderança;824;1131;0;0;0
88.611.835/0001-29;2023-12-31;15;136048;Liderança;46;481;0;0;0
88.611.835/0001-29;2023-12-31;15;136048;Não-liderança;1966;7826;0;0;0
89.086.144/0001-16;2023-12-31;7;138534;Liderança;0;0;0;0;490
89.086.144/0001-16;2023-12-31;7;138534;Não-liderança;0;0;0;0;15460
89.096.457/0001-55;2023-12-31;15;137386;Liderança;45;364;2;0;3
89.096.457/0001-55;2023-12-31;15;137386;Não-liderança;625;3339;3;1;3
89.463.822/0001-12;2023-12-31;27;137874;Liderança;8;29;0;0;0
89.463.822/0001-12;2023-12-31;27;137874;Não-liderança;129;306;0;0;0
89.637.490/0001-45;2023-12-31;15;137486;Liderança;0;0;0;0;1648
89.637.490/0001-45;2023-12-31;15;137486;Não-liderança;0;0;0;0;16618
89.850.341/0001-60;2023-12-31;11;136875;Liderança;126;382;1;0;43
89.850.341/0001-60;2023-12-31;11;136875;Não-liderança;5203;8049;23;18;1236
90.076.886/0001-40;2023-12-31;4;138919;Liderança;20;27;0;0;0
90.076.886/0001-40;2023-12-31;4;138919;Não-liderança;1463;1219;0;0;0
90.400.888/0001-42;2023-12-31;17;137940;Liderança;434;857;0;0;0
90.400.888/0001-42;2023-12-31;17;137940;Não-liderança;26956;24344;0;0;0
90.441.460/0001-48;2023-12-31;4;137407;Liderança;5;35;0;0;0
90.441.460/0001-48;2023-12-31;4;137407;Não-liderança;254;270;0;0;0
91.333.666/0001-17;2023-12-31;8;139739;Liderança;0;0;0;0;11
91.333.666/0001-17;2023-12-31;8;139739;Não-liderança;0;0;0;0;135
91.669.747/0001-92;2023-12-31;2;128679;Liderança;0;0;0;0;1
91.669.747/0001-92;2023-12-31;2;128679;Não-liderança;0;0;0;0;1
91.983.056/0001-69;2023-12-31;17;136540;Liderança;22;114;0;0;0
91.983.056/0001-69;2023-12-31;17;136540;Não-liderança;381;1180;0;0;0
92.012.467/0001-70;2023-12-31;5;136606;Liderança;361;77;0;0;0
92.012.467/0001-70;2023-12-31;5;136606;Não-liderança;1982;309;0;0;0
92.660.570/0001-26;2023-12-31;4;138132;Liderança;5;49;0;0;0
92.660.570/0001-26;2023-12-31;4;138132;Não-liderança;24;210;0;0;0
92.665.611/0001-77;2023-12-31;5;133204;Liderança;488;194;0;0;0
92.665.611/0001-77;2023-12-31;5;133204;Não-liderança;5874;2391;0;0;0
92.690.783/0001-09;2023-12-31;14;138036;Liderança;1124;3484;0;0;2
92.690.783/0001-09;2023-12-31;14;138036;Não-liderança;3379;22607;0;0;2
92.693.019/0001-89;2023-12-31;5;137614;Liderança;3;42;0;0;0
92.693.019/0001-89;2023-12-31;5;137614;Não-liderança;72;442;0;0;0
92.702.067/0001-96;2023-12-31;27;136674;Liderança;647;1013;0;0;0
92.702.067/0001-96;2023-12-31;27;136674;Não-liderança;3283;3717;0;0;0
92.721.232/0001-57;2023-12-31;6;134014;Liderança;10;28;0;0;0
92.721.232/0001-57;2023-12-31;6;134014;Não-liderança;1;30;0;0;0
92.749.225/0001-63;2023-12-31;4;136932;Liderança;0;7;0;0;0
92.749.225/0001-63;2023-12-31;4;136932;Não-liderança;0;0;0;0;1
92.754.738/0001-62;2023-12-31;9;136012;Liderança;1503;892;5;4;668
92.754.738/0001-62;2023-12-31;9;136012;Não-liderança;8770;4452;83;78;8066
92.781.335/0001-02;2023-12-31;9;136801;Liderança;47;213;0;0;0
92.781.335/0001-02;2023-12-31;9;136801;Não-liderança;1014;2119;0;0;0
92.791.243/0001-03;2023-12-31;7;137721;Liderança;33;141;0;0;0
92.791.243/0001-03;2023-12-31;7;137721;Não-liderança;484;1703;0;0;0
93.828.986/0001-73;2023-12-31;2;137240;Liderança;0;2;0;0;0
93.828.986/0001-73;2023-12-31;2;137240;Não-liderança;0;2;0;0;0
94.813.102/0001-70;2023-12-31;3;133703;Liderança;91;359;0;0;0
94.813.102/0001-70;2023-12-31;3;133703;Não-liderança;279;1222;0;0;0
95.426.862/0001-97;2023-12-31;3;137646;Liderança;10;20;0;0;0
95.426.862/0001-97;2023-12-31;3;137646;Não-liderança;255;262;0;0;0
96.298.013/0001-68;2023-12-31;8;137557;Liderança;45;60;0;0;0
96.298.013/0001-68;2023-12-31;8;137557;Não-liderança;299;369;0;1;0
96.418.264/0218-02;2023-12-31;14;137838;Liderança;369;561;7;0;487
96.418.264/0218-02;2023-12-31;14;137838;Não-liderança;1928;1265;23;1;3586
97.191.902/0001-94;2023-12-31;2;136989;Liderança;63;124;0;0;0
97.191.902/0001-94;2023-12-31;2;136989;Não-liderança;877;1051;0;0;0
97.837.181/0001-47;2023-12-31;11;136737;Liderança;199;484;0;0;0
97.837.181/0001-47;2023-12-31;11;136737;Não-liderança;2902;9411;0;0;0
