CNPJ_Companhia;Data_Referencia;Versao;ID_Documento;Classe;Quantidade_Amarelo;Quantidade_Branco;Quantidade_Preto;Quantidade_Pardo;Quantidade_Indigena;Quantidade_Outros;Quantidade_Sem_Resposta
00.000.000/0001-91;2023-12-31;19;137597;Liderança;710;23296;955;6420;30;0;0
00.000.000/0001-91;2023-12-31;19;137597;Não-liderança;1782;38997;1939;11708;109;0;7
00.000.208/0001-00;2023-12-31;13;135745;Liderança;17;381;35;246;1;0;16
00.000.208/0001-00;2023-12-31;13;135745;Não-liderança;76;1560;139;892;5;0;84
00.001.180/0001-26;2023-12-31;23;136627;Liderança;10;651;25;190;2;0;29
00.001.180/0001-26;2023-12-31;23;136627;Não-liderança;87;5092;497;2777;32;0;278
00.070.698/0001-11;2023-12-31;6;136076;Liderança;0;16;3;11;0;0;0
00.070.698/0001-11;2023-12-31;6;136076;Não-liderança;0;26;3;21;0;0;2
00.080.671/0001-00;2023-12-31;3;133573;Liderança;2;162;7;50;0;0;0
00.080.671/0001-00;2023-12-31;3;133573;Não-liderança;38;955;188;965;4;0;24
00.194.724/0001-13;2023-12-31;7;137743;Liderança;1;60;2;4;0;0;29
00.194.724/0001-13;2023-12-31;7;137743;Não-liderança;0;203;6;44;0;0;239
00.242.184/0001-04;2023-12-31;9;137763;Liderança;4;102;20;80;0;0;139
00.242.184/0001-04;2023-12-31;9;137763;Não-liderança;25;805;258;1137;3;0;871
00.272.185/0001-93;2023-12-31;2;134548;Liderança;0;0;0;0;0;0;1
00.272.185/0001-93;2023-12-31;2;134548;Não-liderança;0;0;0;0;0;0;1
00.336.701/0001-04;2023-12-31;15;136065;Liderança;0;0;0;0;0;0;46
00.336.701/0001-04;2023-12-31;15;136065;Não-liderança;0;0;0;0;0;0;354
00.359.742/0001-08;2023-12-31;3;134771;Liderança;0;4;0;0;0;0;0
00.359.742/0001-08;2023-12-31;3;134771;Não-liderança;0;19;0;0;0;0;0
00.383.281/0001-09;2023-12-31;4;137655;Liderança;1;39;0;5;0;0;3
00.383.281/0001-09;2023-12-31;4;137655;Não-liderança;0;69;6;13;0;0;1
00.622.416/0001-41;2023-12-31;3;131091;Liderança;0;0;0;0;0;0;45
00.622.416/0001-41;2023-12-31;3;131091;Não-liderança;0;0;0;0;0;0;219
00.644.907/0001-93;2023-12-31;2;135558;Liderança;0;3;0;0;0;0;0
00.644.907/0001-93;2023-12-31;2;135558;Não-liderança;2;36;5;21;0;0;0
00.743.065/0001-27;2023-12-31;6;135452;Liderança;0;0;0;0;0;0;1
00.743.065/0001-27;2023-12-31;6;135452;Não-liderança;0;0;0;0;0;0;1
00.776.574/0001-56;2023-12-31;14;138478;Liderança;105;2841;728;5625;12;0;56
00.776.574/0001-56;2023-12-31;14;138478;Não-liderança;617;8756;3687;20961;44;0;198
00.864.214/0001-06;2023-12-31;19;137075;Liderança;10;747;43;395;0;0;12
00.864.214/0001-06;2023-12-31;19;137075;Não-liderança;188;6142;1393;7422;32;0;148
00.924.429/0001-75;2023-12-31;9;137128;Liderança;4;119;11;72;0;0;0
00.924.429/0001-75;2023-12-31;9;137128;Não-liderança;46;1511;547;2466;6;0;7
00.938.574/0001-05;2023-12-31;6;135809;Liderança;0;3;0;3;0;0;0
00.938.574/0001-05;2023-12-31;6;135809;Não-liderança;0;18;0;7;0;0;0
01.027.058/0001-91;2023-12-31;14;137009;Liderança;19;531;15;107;0;0;0
01.027.058/0001-91;2023-12-31;14;137009;Não-liderança;79;2889;293;1104;6;0;2
01.083.200/0001-18;2023-12-31;10;137710;Liderança;25;748;49;279;1;0;0
01.083.200/0001-18;2023-12-31;10;137710;Não-liderança;155;5237;1824;6628;33;0;427
01.104.937/0001-70;2023-12-31;1;127272;Liderança;0;1;0;0;0;0;0
01.104.937/0001-70;2023-12-31;1;127272;Não-liderança;0;0;0;0;0;0;1
01.107.327/0001-20;2023-12-31;6;136712;Liderança;0;298;6;21;1;0;28
01.107.327/0001-20;2023-12-31;6;136712;Não-liderança;9;3848;366;735;21;0;218
01.258.944/0001-26;2023-12-31;6;137941;Liderança;3;407;9;64;0;0;2
01.258.944/0001-26;2023-12-31;6;137941;Não-liderança;65;4704;707;2303;30;0;20
01.417.222/0001-77;2023-12-31;6;136053;Liderança;0;293;10;46;1;0;0
01.417.222/0001-77;2023-12-31;6;136053;Não-liderança;14;3290;801;1884;111;0;3
01.545.826/0001-07;2023-12-31;27;138489;Liderança;2;81;2;46;0;0;0
01.545.826/0001-07;2023-12-31;27;138489;Não-liderança;5;161;13;158;1;0;0
01.548.981/0001-79;2023-12-31;3;136132;Liderança;0;0;0;0;0;0;1
01.548.981/0001-79;2023-12-31;3;136132;Não-liderança;0;0;0;0;0;0;1
01.599.101/0001-93;2023-12-31;32;137735;Liderança;3;281;25;96;1;15;0
01.599.101/0001-93;2023-12-31;32;137735;Não-liderança;32;2866;602;1465;8;237;0
01.637.895/0001-32;2023-12-31;8;133933;Liderança;32;717;55;177;2;0;5
01.637.895/0001-32;2023-12-31;8;133933;Não-liderança;117;3884;765;2546;21;0;74
01.838.723/0001-27;2023-12-31;11;135972;Liderança;49;1798;118;647;5;416;0
01.838.723/0001-27;2023-12-31;11;135972;Não-liderança;1079;38613;9351;33103;529;10515;0
01.851.771/0001-55;2023-12-31;2;136558;Liderança;0;0;0;0;0;0;0
01.851.771/0001-55;2023-12-31;2;136558;Não-liderança;0;0;0;0;0;0;0
01.896.779/0001-38;2023-12-31;3;137625;Liderança;0;0;0;0;0;0;390
01.896.779/0001-38;2023-12-31;3;137625;Não-liderança;0;0;0;0;0;0;4780
01.917.818/0001-36;2023-12-31;7;133954;Liderança;0;4;0;1;0;0;1
01.917.818/0001-36;2023-12-31;7;133954;Não-liderança;3;107;17;55;0;0;16
01.938.783/0001-11;2023-12-31;13;137376;Liderança;0;4;1;1;0;1;0
01.938.783/0001-11;2023-12-31;13;137376;Não-liderança;1;4;7;8;0;7;0
01.957.772/0001-89;2023-12-31;2;130691;Liderança;0;2;0;0;0;0;0
01.957.772/0001-89;2023-12-31;2;130691;Não-liderança;0;3;0;0;0;0;0
02.062.747/0001-08;2023-12-31;3;136561;Liderança;0;0;0;0;0;0;0
02.062.747/0001-08;2023-12-31;3;136561;Não-liderança;0;0;0;0;0;0;0
02.149.205/0001-69;2023-12-31;10;137754;Liderança;28;955;41;241;1;0;0
02.149.205/0001-69;2023-12-31;10;137754;Não-liderança;200;7096;1107;3768;17;0;1
02.162.616/0001-94;2023-12-31;2;127264;Liderança;0;0;0;0;0;0;1
02.162.616/0001-94;2023-12-31;2;127264;Não-liderança;0;0;0;0;0;0;1
02.193.750/0001-52;2023-12-31;4;136564;Liderança;0;0;0;0;0;0;81
02.193.750/0001-52;2023-12-31;4;136564;Não-liderança;0;0;0;0;0;0;750
02.217.319/0001-07;2023-12-31;5;135772;Liderança;0;0;0;0;0;0;1
02.217.319/0001-07;2023-12-31;5;135772;Não-liderança;0;0;0;0;0;0;1
02.255.187/0001-08;2023-12-31;8;136653;Liderança;4;108;4;9;0;0;62
02.255.187/0001-08;2023-12-31;8;136653;Não-liderança;10;479;35;125;1;4;836
02.258.422/0001-97;2023-12-31;3;135398;Liderança;0;1;0;0;0;0;0
02.258.422/0001-97;2023-12-31;3;135398;Não-liderança;0;5;0;0;0;0;0
02.291.077/0001-93;2023-12-31;2;129159;Liderança;0;0;0;0;0;0;1
02.291.077/0001-93;2023-12-31;2;129159;Não-liderança;0;0;0;0;0;0;1
02.302.101/0001-42;2023-12-31;9;135805;Liderança;0;0;0;0;0;0;67
02.302.101/0001-42;2023-12-31;9;135805;Não-liderança;0;0;0;0;0;0;346
02.328.280/0001-97;2023-12-31;9;135991;Liderança;6;224;4;30;0;0;0
02.328.280/0001-97;2023-12-31;9;135991;Não-liderança;26;2284;210;811;4;0;16
02.338.534/0001-58;2023-12-31;2;135907;Liderança;0;0;0;0;0;0;1
02.338.534/0001-58;2023-12-31;2;135907;Não-liderança;0;0;0;0;0;0;1
02.351.144/0001-18;2023-12-31;9;135755;Liderança;6;153;22;72;0;2;6
02.351.144/0001-18;2023-12-31;9;135755;Não-liderança;27;744;158;488;4;9;23
02.351.877/0001-52;2023-12-31;27;136130;Liderança;11;470;23;72;1;0;95
02.351.877/0001-52;2023-12-31;27;136130;Não-liderança;26;1842;227;627;8;0;496
02.357.251/0001-53;2023-12-31;6;136120;Liderança;0;35;0;1;0;0;0
02.357.251/0001-53;2023-12-31;6;136120;Não-liderança;0;292;58;24;1;0;0
02.365.069/0001-44;2023-12-31;6;135744;Liderança;0;0;0;0;0;0;1
02.365.069/0001-44;2023-12-31;6;135744;Não-liderança;0;0;0;0;0;0;1
02.387.241/0001-60;2023-12-31;17;137808;Liderança;3;407;9;64;0;0;2
02.387.241/0001-60;2023-12-31;17;137808;Não-liderança;65;4704;707;2303;30;0;20
02.397.080/0001-96;2023-12-31;3;135956;Liderança;0;31;2;4;0;0;0
02.397.080/0001-96;2023-12-31;3;135956;Não-liderança;2;40;13;11;1;0;2
02.421.421/0001-11;2023-12-31;8;135622;Liderança;9;699;21;104;0;0;4
02.421.421/0001-11;2023-12-31;8;135622;Não-liderança;112;5142;879;2645;13;0;155
02.429.144/0001-93;2023-12-31;6;137649;Liderança;6;5;1;0;0;0;0
02.429.144/0001-93;2023-12-31;6;137649;Não-liderança;1;2;0;0;0;0;3
02.474.103/0001-19;2023-12-31;11;136621;Liderança;2;220;11;52;0;0;0
02.474.103/0001-19;2023-12-31;11;136621;Não-liderança;7;722;38;162;1;0;0
02.502.844/0001-66;2023-12-31;5;136583;Liderança;3;407;9;64;0;0;2
02.502.844/0001-66;2023-12-31;5;136583;Não-liderança;65;4704;707;2303;30;0;20
02.558.157/0001-62;2023-12-31;7;135834;Liderança;58;3032;173;748;4;107;0
02.558.157/0001-62;2023-12-31;7;135834;Não-liderança;475;17155;2476;7699;34;1001;0
02.591.787/0001-39;2023-12-31;4;127141;Liderança;0;0;0;0;0;0;0
02.591.787/0001-39;2023-12-31;4;127141;Não-liderança;0;0;0;0;0;0;0
02.664.042/0001-52;2023-12-31;2;135883;Liderança;0;0;0;5;0;0;0
02.664.042/0001-52;2023-12-31;2;135883;Não-liderança;0;0;0;42;0;0;0
02.762.121/0001-04;2023-12-31;9;136600;Liderança;4;159;11;86;0;0;39
02.762.121/0001-04;2023-12-31;9;136600;Não-liderança;20;1220;175;896;7;2;645
02.762.124/0001-30;2023-12-31;2;136559;Liderança;0;0;0;0;0;0;0
02.762.124/0001-30;2023-12-31;2;136559;Não-liderança;0;0;0;0;0;0;0
02.796.775/0001-40;2023-12-31;2;136560;Liderança;0;0;0;0;0;0;0
02.796.775/0001-40;2023-12-31;2;136560;Não-liderança;0;0;0;0;0;0;0
02.800.026/0001-40;2023-12-31;16;137698;Liderança;41;1320;100;434;0;0;42
02.800.026/0001-40;2023-12-31;16;137698;Não-liderança;340;11075;1528;5615;26;0;2824
02.846.056/0001-97;2023-12-31;10;136034;Liderança;33;783;259;236;6;0;618
02.846.056/0001-97;2023-12-31;10;136034;Não-liderança;118;4864;1938;1955;32;0;6357
02.860.694/0001-62;2023-12-31;10;137709;Liderança;0;11;1;8;0;0;0
02.860.694/0001-62;2023-12-31;10;137709;Não-liderança;1;42;6;16;0;0;0
02.916.265/0001-60;2023-12-31;10;137802;Liderança;157;7661;701;1428;23;3892;0
02.916.265/0001-60;2023-12-31;10;137802;Não-liderança;5462;92854;27992;54934;2014;62161;0
02.932.074/0001-91;2023-12-31;9;137158;Liderança;17;792;26;439;0;6;0
02.932.074/0001-91;2023-12-31;9;137158;Não-liderança;207;4115;613;4470;26;72;0
02.950.811/0001-89;2023-12-31;19;136543;Liderança;0;35;2;5;0;0;0
02.950.811/0001-89;2023-12-31;19;136543;Não-liderança;0;64;2;35;0;0;0
02.992.449/0001-09;2023-12-31;2;136562;Liderança;0;0;0;0;0;0;0
02.992.449/0001-09;2023-12-31;2;136562;Não-liderança;0;0;0;0;0;0;0
02.998.301/0001-81;2023-12-31;11;137175;Liderança;2;27;1;1;0;1;0
02.998.301/0001-81;2023-12-31;11;137175;Não-liderança;3;190;9;47;0;1;0
02.998.611/0001-04;2023-12-31;11;137825;Liderança;4;96;1;8;0;0;0
02.998.611/0001-04;2023-12-31;11;137825;Não-liderança;17;950;71;277;4;0;16
03.014.553/0001-91;2023-12-31;5;137796;Liderança;0;26;0;0;0;0;0
03.014.553/0001-91;2023-12-31;5;137796;Não-liderança;0;29;4;1;0;0;0
03.220.438/0001-73;2023-12-31;15;137644;Liderança;6;303;46;321;0;0;47
03.220.438/0001-73;2023-12-31;15;137644;Não-liderança;82;2253;668;3789;5;5;368
03.303.999/0001-36;2023-12-31;2;137637;Liderança;0;5;0;0;0;0;0
03.303.999/0001-36;2023-12-31;2;137637;Não-liderança;0;11;1;0;0;0;23
03.342.704/0001-30;2023-12-31;15;136830;Liderança;0;15;6;30;0;0;0
03.342.704/0001-30;2023-12-31;15;136830;Não-liderança;14;336;195;655;4;14;0
03.378.521/0001-75;2023-12-31;14;137859;Liderança;3;120;6;22;0;0;9
03.378.521/0001-75;2023-12-31;14;137859;Não-liderança;63;1579;698;1771;20;0;193
03.467.321/0001-99;2023-12-31;9;137724;Liderança;0;70;3;62;0;0;1
03.467.321/0001-99;2023-12-31;9;137724;Não-liderança;16;594;277;1388;4;0;19
03.494.776/0001-01;2023-12-31;3;136822;Liderança;1;117;3;13;0;0;41
03.494.776/0001-01;2023-12-31;3;136822;Não-liderança;1;353;53;110;1;0;249
03.758.318/0001-24;2023-12-31;11;136579;Liderança;1;121;5;58;0;0;11
03.758.318/0001-24;2023-12-31;11;136579;Não-liderança;34;751;250;916;2;0;110
03.795.050/0001-09;2023-12-31;3;135958;Liderança;1;5;0;2;0;0;0
03.795.050/0001-09;2023-12-31;3;135958;Não-liderança;3;16;9;15;1;0;6
03.802.115/0001-98;2023-12-31;5;133891;Liderança;8;180;12;24;0;0;85
03.802.115/0001-98;2023-12-31;5;133891;Não-liderança;22;496;47;135;1;0;1769
03.847.461/0001-92;2023-12-31;7;137283;Liderança;1;11;0;0;0;0;7
03.847.461/0001-92;2023-12-31;7;137283;Não-liderança;0;1;0;0;0;0;1
03.853.896/0001-40;2023-12-31;13;135325;Liderança;20;1036;84;642;1;363;537
03.853.896/0001-40;2023-12-31;13;135325;Não-liderança;514;6026;1896;7939;54;6295;7127
03.983.431/0001-03;2023-12-31;6;135695;Liderança;5;135;6;23;0;0;0
03.983.431/0001-03;2023-12-31;6;135695;Não-liderança;43;1976;205;737;5;0;9
04.030.182/0001-02;2023-12-31;3;135675;Liderança;0;0;0;0;0;0;1
04.030.182/0001-02;2023-12-31;3;135675;Não-liderança;0;0;0;0;0;0;1
04.031.213/0001-31;2023-12-31;3;130703;Liderança;0;0;0;0;0;0;1
04.031.213/0001-31;2023-12-31;3;130703;Não-liderança;0;0;0;0;0;0;1
04.032.433/0001-80;2023-12-31;8;134628;Liderança;10;136;29;302;2;0;5
04.032.433/0001-80;2023-12-31;8;134628;Não-liderança;94;1229;1009;5320;42;0;70
04.038.763/0001-82;2023-12-31;3;130704;Liderança;0;0;0;0;0;0;1
04.038.763/0001-82;2023-12-31;3;130704;Não-liderança;0;0;0;0;0;0;1
04.065.053/0001-41;2023-12-31;2;133304;Liderança;1;47;2;16;0;2;0
04.065.053/0001-41;2023-12-31;2;133304;Não-liderança;3;232;49;205;2;316;0
04.065.791/0001-99;2023-12-31;9;133013;Liderança;9;230;6;39;1;0;20
04.065.791/0001-99;2023-12-31;9;133013;Não-liderança;49;1226;133;479;1;0;86
04.069.709/0001-02;2023-12-31;6;137072;Liderança;1;67;2;8;0;0;0
04.069.709/0001-02;2023-12-31;6;137072;Não-liderança;7;289;34;87;1;0;0
04.149.454/0001-80;2023-12-31;5;135938;Liderança;0;255;66;0;0;3;0
04.149.454/0001-80;2023-12-31;5;135938;Não-liderança;0;2513;1865;0;0;191;0
04.200.649/0001-07;2023-12-31;14;130507;Liderança;0;0;0;0;0;0;4
04.200.649/0001-07;2023-12-31;14;130507;Não-liderança;0;0;0;0;0;0;12
04.212.396/0001-91;2023-12-31;6;136490;Liderança;0;53;10;35;0;0;8
04.212.396/0001-91;2023-12-31;6;136490;Não-liderança;1;232;92;278;1;0;65
04.423.567/0001-21;2023-12-31;13;136750;Liderança;2;174;3;73;0;0;23
04.423.567/0001-21;2023-12-31;13;136750;Não-liderança;31;524;84;481;2;0;93
04.739.720/0001-24;2023-12-31;7;132182;Liderança;1;16;1;2;0;0;0
04.739.720/0001-24;2023-12-31;7;132182;Não-liderança;0;73;8;20;0;0;0
04.752.991/0001-10;2023-12-31;19;137854;Liderança;1;56;1;10;0;0;0
04.752.991/0001-10;2023-12-31;19;137854;Não-liderança;0;46;16;24;2;0;0
04.821.041/0001-08;2023-12-31;5;137910;Liderança;5;81;10;23;0;0;0
04.821.041/0001-08;2023-12-31;5;137910;Não-liderança;15;494;300;238;0;0;0
04.895.728/0001-80;2023-12-31;10;138025;Liderança;3;45;13;67;0;0;1
04.895.728/0001-80;2023-12-31;10;138025;Não-liderança;21;293;73;715;0;0;25
04.902.979/0001-44;2023-12-31;9;134451;Liderança;7;275;26;320;0;0;0
04.902.979/0001-44;2023-12-31;9;134451;Não-liderança;32;937;126;1144;0;0;0
04.912.242/0001-02;2023-12-31;1;127238;Liderança;0;2;1;0;0;0;0
04.912.242/0001-02;2023-12-31;1;127238;Não-liderança;0;6;2;0;0;0;0
04.913.711/0001-08;2023-12-31;12;137750;Liderança;4;223;47;375;0;0;0
04.913.711/0001-08;2023-12-31;12;137750;Não-liderança;36;561;131;1206;7;6;0
04.972.092/0001-22;2023-12-31;3;134391;Liderança;11;228;56;308;0;0;4
04.972.092/0001-22;2023-12-31;3;134391;Não-liderança;104;3496;625;3259;6;0;3
04.986.320/0001-13;2023-12-31;7;137911;Liderança;0;0;0;0;0;0;1398
04.986.320/0001-13;2023-12-31;7;137911;Não-liderança;0;0;0;0;0;0;12184
04.992.714/0001-84;2023-12-31;10;136720;Liderança;0;34;1;10;0;0;0
04.992.714/0001-84;2023-12-31;10;136720;Não-liderança;1;139;6;56;0;0;0
05.197.443/0001-38;2023-12-31;18;137749;Liderança;28;1786;129;1762;15;0;194
05.197.443/0001-38;2023-12-31;18;137749;Não-liderança;251;18772;4102;35418;212;0;4490
05.303.439/0001-07;2023-12-31;8;133343;Liderança;6;116;29;76;0;36;9
05.303.439/0001-07;2023-12-31;8;133343;Não-liderança;10;390;212;726;0;323;56
05.347.060/0001-07;2023-12-31;4;135611;Liderança;0;27;1;52;0;0;79
05.347.060/0001-07;2023-12-31;4;135611;Não-liderança;0;33;4;145;0;0;743
05.878.397/0001-32;2023-12-31;12;137501;Liderança;7;214;23;87;0;0;23
05.878.397/0001-32;2023-12-31;12;137501;Não-liderança;41;765;287;940;0;0;222
05.917.486/0001-40;2023-12-31;6;135924;Liderança;0;30;4;7;0;0;0
05.917.486/0001-40;2023-12-31;6;135924;Não-liderança;1;130;1;146;0;0;0
06.047.087/0001-39;2023-12-31;8;137033;Liderança;0;0;0;0;0;0;293
06.047.087/0001-39;2023-12-31;8;137033;Não-liderança;0;0;0;0;0;0;70733
06.057.223/0001-71;2023-12-31;23;137036;Liderança;109;2009;833;2982;15;246;0
06.057.223/0001-71;2023-12-31;23;137036;Não-liderança;1180;18647;10676;33214;311;3676;0
06.164.253/0001-87;2023-12-31;17;137756;Liderança;13;338;13;63;1;27;0
06.164.253/0001-87;2023-12-31;17;137756;Não-liderança;212;9017;854;4000;15;271;0
06.272.793/0001-84;2023-12-31;8;136841;Liderança;2;91;13;97;0;0;6
06.272.793/0001-84;2023-12-31;8;136841;Não-liderança;17;388;127;728;0;1;29
06.626.253/0001-51;2023-12-31;16;137001;Liderança;17;496;126;991;2;0;1
06.626.253/0001-51;2023-12-31;16;137001;Não-liderança;258;4780;2910;11304;68;0;8
06.977.751/0001-49;2023-12-31;11;133016;Liderança;0;9;0;0;0;0;1
06.977.751/0001-49;2023-12-31;11;133016;Não-liderança;0;37;0;6;0;0;23
07.040.108/0001-57;2023-12-31;7;136578;Liderança;3;171;16;202;0;0;3
07.040.108/0001-57;2023-12-31;7;136578;Não-liderança;4;292;30;460;0;0;4
07.043.628/0001-13;2023-12-31;2;128407;Liderança;0;0;0;0;0;0;1
07.043.628/0001-13;2023-12-31;2;128407;Não-liderança;0;0;0;0;0;0;1
07.047.251/0001-70;2023-12-31;8;136509;Liderança;1;55;1;25;0;2;30
07.047.251/0001-70;2023-12-31;8;136509;Não-liderança;5;241;42;266;0;0;381
07.206.816/0001-15;2023-12-31;3;135587;Liderança;23;573;91;709;4;0;6
07.206.816/0001-15;2023-12-31;3;135587;Não-liderança;133;3703;1594;9247;46;0;31
07.237.373/0001-20;2023-12-31;20;136818;Liderança;30;1835;106;778;5;0;4
07.237.373/0001-20;2023-12-31;20;136818;Não-liderança;32;2588;131;1056;7;0;22
07.253.321/0001-47;2023-12-31;2;135697;Liderança;0;4;0;0;0;0;0
07.253.321/0001-47;2023-12-31;2;135697;Não-liderança;2;8;0;0;0;0;0
07.275.159/0001-68;2023-12-31;7;137227;Liderança;0;1;0;0;0;0;0
07.275.159/0001-68;2023-12-31;7;137227;Não-liderança;0;1;0;0;0;0;0
07.334.600/0001-35;2023-12-31;1;127088;Liderança;0;0;0;0;0;0;0
07.334.600/0001-35;2023-12-31;1;127088;Não-liderança;0;0;0;0;0;0;204
07.415.333/0001-20;2023-12-31;9;136208;Liderança;37;1636;102;874;0;116;0
07.415.333/0001-20;2023-12-31;9;136208;Não-liderança;412;14248;3839;19393;73;2136;0
07.437.016/0001-05;2023-12-31;1;127753;Liderança;0;81;4;21;0;0;0
07.437.016/0001-05;2023-12-31;1;127753;Não-liderança;6;265;42;162;1;1;4
07.526.557/0001-00;2023-12-31;14;136881;Liderança;108;3942;393;1189;11;8;1776
07.526.557/0001-00;2023-12-31;14;136881;Não-liderança;165;6665;2644;7227;62;86;3932
07.594.978/0001-78;2023-12-31;16;138419;Liderança;17;341;102;218;5;3;3
07.594.978/0001-78;2023-12-31;16;138419;Não-liderança;155;2579;1005;1827;42;22;37
07.689.002/0001-89;2023-12-31;9;138085;Liderança;22;725;32;0;0;0;166
07.689.002/0001-89;2023-12-31;9;138085;Não-liderança;229;11211;2128;0;7;0;2197
07.704.246/0001-93;2023-12-31;3;137029;Liderança;0;0;0;0;0;0;45
07.704.246/0001-93;2023-12-31;3;137029;Não-liderança;0;0;0;0;0;0;177
07.718.269/0001-57;2023-12-31;9;139822;Liderança;0;14;0;0;0;0;0
07.718.269/0001-57;2023-12-31;9;139822;Não-liderança;0;0;0;0;0;0;1
07.816.890/0001-53;2023-12-31;7;137757;Liderança;0;26;1;3;0;0;9
07.816.890/0001-53;2023-12-31;7;137757;Não-liderança;0;102;14;52;1;1;103
07.820.907/0001-46;2023-12-31;4;133675;Liderança;0;0;0;0;0;0;7
07.820.907/0001-46;2023-12-31;4;133675;Não-liderança;0;0;0;0;0;0;11
07.857.093/0001-14;2023-12-31;7;134376;Liderança;0;0;0;0;0;0;195
07.857.093/0001-14;2023-12-31;7;134376;Não-liderança;0;0;0;0;0;0;954
07.857.850/0001-50;2023-12-31;9;134240;Liderança;1;11;0;0;0;0;0
07.857.850/0001-50;2023-12-31;9;134240;Não-liderança;1;19;1;4;0;0;0
07.859.510/0001-68;2023-12-31;3;131289;Liderança;0;13;0;2;0;0;27
07.859.510/0001-68;2023-12-31;3;131289;Não-liderança;0;23;0;4;0;0;4
07.859.971/0001-30;2023-12-31;18;137638;Liderança;0;52;4;17;0;0;1
07.859.971/0001-30;2023-12-31;18;137638;Não-liderança;3;341;57;249;4;0;4
07.882.930/0001-65;2023-12-31;9;137635;Liderança;0;0;0;0;0;0;106
07.882.930/0001-65;2023-12-31;9;137635;Não-liderança;0;0;0;0;0;0;577
07.976.147/0001-60;2023-12-31;3;131570;Liderança;10;422;18;168;0;0;0
07.976.147/0001-60;2023-12-31;3;131570;Não-liderança;61;2289;416;1850;7;5;0
08.065.557/0001-12;2023-12-31;13;137939;Liderança;2;25;0;5;0;0;0
08.065.557/0001-12;2023-12-31;13;137939;Não-liderança;3;185;32;96;0;0;1
08.078.847/0001-09;2023-12-31;8;137144;Liderança;2;39;3;6;0;0;67
08.078.847/0001-09;2023-12-31;8;137144;Não-liderança;3;62;14;39;1;0;226
08.159.965/0001-33;2023-12-31;9;134562;Liderança;6;252;85;0;0;0;0
08.159.965/0001-33;2023-12-31;9;134562;Não-liderança;26;1013;1127;0;3;0;0
08.170.849/0001-15;2023-12-31;17;135989;Liderança;1;149;9;45;0;0;146
08.170.849/0001-15;2023-12-31;17;135989;Não-liderança;6;1066;203;686;2;0;1178
08.294.224/0001-65;2023-12-31;12;137694;Liderança;1;229;14;104;1;0;9
08.294.224/0001-65;2023-12-31;12;137694;Não-liderança;21;970;223;911;2;0;56
08.312.229/0001-73;2023-12-31;8;137519;Liderança;0;42;0;15;0;0;0
08.312.229/0001-73;2023-12-31;8;137519;Não-liderança;1;315;58;598;0;0;51
08.324.196/0001-81;2023-12-31;9;136190;Liderança;0;41;1;28;0;0;0
08.324.196/0001-81;2023-12-31;9;136190;Não-liderança;10;412;63;462;1;0;5
08.343.492/0001-20;2023-12-31;19;137479;Liderança;22;878;50;325;53;0;55
08.343.492/0001-20;2023-12-31;19;137479;Não-liderança;156;3892;1723;7054;509;0;3576
08.364.948/0001-38;2023-12-31;7;135895;Liderança;0;0;0;0;0;0;16
08.364.948/0001-38;2023-12-31;7;135895;Não-liderança;0;0;0;0;0;0;36
08.397.078/0001-01;2023-12-31;6;136026;Liderança;0;0;0;0;0;0;228
08.397.078/0001-01;2023-12-31;6;136026;Não-liderança;0;0;0;0;0;0;1615
08.402.943/0001-52;2023-12-31;3;137765;Liderança;26;1047;82;639;5;0;84
08.402.943/0001-52;2023-12-31;3;137765;Não-liderança;411;7782;2295;16660;99;0;2025
08.424.178/0001-71;2023-12-31;1;127296;Liderança;0;1;0;0;0;0;0
08.424.178/0001-71;2023-12-31;1;127296;Não-liderança;0;1;0;0;0;0;0
08.467.115/0001-00;2023-12-31;10;137686;Liderança;0;45;1;5;0;0;13
08.467.115/0001-00;2023-12-31;10;137686;Não-liderança;2;698;39;53;3;0;111
08.560.444/0001-93;2023-12-31;6;135934;Liderança;0;0;0;0;0;0;18
08.560.444/0001-93;2023-12-31;6;135934;Não-liderança;0;0;0;0;0;0;125
08.574.411/0001-00;2023-12-31;5;137653;Liderança;0;81;1;3;0;0;0
08.574.411/0001-00;2023-12-31;5;137653;Não-liderança;0;352;30;131;0;0;0
08.764.621/0001-53;2023-12-31;3;130729;Liderança;1;14;0;1;0;0;0
08.764.621/0001-53;2023-12-31;3;130729;Não-liderança;0;45;5;17;0;0;0
08.773.135/0001-00;2023-12-31;12;136052;Liderança;0;37;0;0;0;0;4
08.773.135/0001-00;2023-12-31;12;136052;Não-liderança;6;52;8;29;0;0;18
08.773.191/0001-36;2023-12-31;3;136984;Liderança;0;1;0;0;0;0;0
08.773.191/0001-36;2023-12-31;3;136984;Não-liderança;0;1;0;0;0;0;0
08.795.211/0001-70;2023-12-31;6;136568;Liderança;0;19;1;1;0;0;0
08.795.211/0001-70;2023-12-31;6;136568;Não-liderança;2;37;8;7;1;0;0
08.797.760/0001-83;2023-12-31;10;137337;Liderança;0;26;5;74;0;0;6
08.797.760/0001-83;2023-12-31;10;137337;Não-liderança;13;297;129;878;1;0;262
08.801.621/0001-86;2023-12-31;9;135971;Liderança;2;75;5;9;1;0;7
08.801.621/0001-86;2023-12-31;9;135971;Não-liderança;2;137;33;54;0;4;27
08.807.432/0001-10;2023-12-31;18;137953;Liderança;5;1096;29;233;2;1;60
08.807.432/0001-10;2023-12-31;18;137953;Não-liderança;23;11533;278;1723;10;8;604
08.810.422/0001-34;2023-12-31;1;128027;Liderança;0;66;0;4;0;0;2
08.810.422/0001-34;2023-12-31;1;128027;Não-liderança;4;534;15;48;0;0;11
08.811.643/0001-27;2023-12-31;6;137607;Liderança;0;0;0;0;0;0;71
08.811.643/0001-27;2023-12-31;6;137607;Não-liderança;0;0;0;0;0;0;293
08.902.291/0001-15;2023-12-31;4;135595;Liderança;4;209;90;0;0;0;1
08.902.291/0001-15;2023-12-31;4;135595;Não-liderança;188;2912;4145;0;25;0;115
08.935.054/0001-50;2023-12-31;2;133497;Liderança;0;9;0;0;0;0;0
08.935.054/0001-50;2023-12-31;2;133497;Não-liderança;0;8;1;9;0;0;0
09.041.168/0001-10;2023-12-31;9;136085;Liderança;0;47;2;18;0;0;11
09.041.168/0001-10;2023-12-31;9;136085;Não-liderança;3;88;42;182;0;0;210
09.042.817/0001-05;2023-12-31;17;138088;Liderança;2;57;4;20;0;0;37
09.042.817/0001-05;2023-12-31;17;138088;Não-liderança;3;313;36;122;1;0;172
09.053.134/0001-45;2023-12-31;5;133317;Liderança;10;159;11;59;1;0;59
09.053.134/0001-45;2023-12-31;5;133317;Não-liderança;38;1020;237;663;7;0;565
09.054.385/0001-44;2023-12-31;1;127468;Liderança;0;123;11;23;3;0;136
09.054.385/0001-44;2023-12-31;1;127468;Não-liderança;3;340;32;129;4;0;1460
09.112.685/0001-32;2023-12-31;6;136743;Liderança;0;2;0;0;0;0;0
09.112.685/0001-32;2023-12-31;6;136743;Não-liderança;0;3;1;1;0;0;0
09.114.805/0001-30;2023-12-31;13;137832;Liderança;8;318;34;180;1;0;13
09.114.805/0001-30;2023-12-31;13;137832;Não-liderança;11;683;154;553;1;0;67
09.146.451/0001-06;2023-12-31;8;135850;Liderança;0;5;0;1;0;0;0
09.146.451/0001-06;2023-12-31;8;135850;Não-liderança;5;299;113;187;2;5;5
09.229.201/0001-30;2023-12-31;7;135939;Liderança;7;569;49;614;40;0;545
09.229.201/0001-30;2023-12-31;7;135939;Não-liderança;360;19698;5302;54716;2811;0;56072
09.257.877/0001-37;2023-12-31;9;136086;Liderança;1;12;3;21;0;0;0
09.257.877/0001-37;2023-12-31;9;136086;Não-liderança;15;154;75;456;1;0;1
09.267.996/0001-70;2023-12-31;9;137987;Liderança;0;0;0;0;0;0;30
09.267.996/0001-70;2023-12-31;9;137987;Não-liderança;0;0;0;0;0;0;40
09.288.252/0001-32;2023-12-31;15;138415;Liderança;21;936;50;374;1;0;17
09.288.252/0001-32;2023-12-31;15;138415;Não-liderança;127;10408;1116;4352;12;47;189
09.295.063/0001-97;2023-12-31;3;137795;Liderança;1;36;3;27;0;0;0
09.295.063/0001-97;2023-12-31;3;137795;Não-liderança;11;136;27;172;5;3;7
09.305.994/0001-29;2023-12-31;14;137785;Liderança;32;2409;59;393;4;1;0
09.305.994/0001-29;2023-12-31;14;137785;Não-liderança;189;7138;742;3179;28;73;0
09.346.601/0001-25;2023-12-31;17;137720;Liderança;28;443;11;48;0;0;5
09.346.601/0001-25;2023-12-31;17;137720;Não-liderança;78;1487;170;436;1;0;28
09.347.516/0001-81;2023-12-31;12;136820;Liderança;1;83;7;30;0;3;0
09.347.516/0001-81;2023-12-31;12;136820;Não-liderança;12;199;78;183;3;87;0
09.527.023/0001-23;2023-12-31;6;139422;Liderança;69;321;98;122;0;23;0
09.527.023/0001-23;2023-12-31;6;139422;Não-liderança;92;4792;771;2546;18;102;0
09.611.768/0001-76;2023-12-31;4;138011;Liderança;0;0;0;0;0;0;34
09.611.768/0001-76;2023-12-31;4;138011;Não-liderança;0;0;0;0;0;0;789
09.813.204/0001-16;2023-12-31;2;134424;Liderança;2;33;4;20;0;0;22
09.813.204/0001-16;2023-12-31;2;134424;Não-liderança;3;155;35;105;3;1;174
10.139.870/0001-08;2023-12-31;4;135927;Liderança;4;59;3;2;0;0;59
10.139.870/0001-08;2023-12-31;4;135927;Não-liderança;12;357;38;68;3;0;304
10.285.590/0001-08;2023-12-31;10;137695;Liderança;20;803;65;178;1;0;70
10.285.590/0001-08;2023-12-31;10;137695;Não-liderança;178;5742;1822;4285;25;4;783
10.324.624/0001-18;2023-12-31;5;137863;Liderança;1;110;6;50;0;0;1
10.324.624/0001-18;2023-12-31;5;137863;Não-liderança;8;867;295;813;1;0;4
10.338.320/0001-00;2023-12-31;5;135815;Liderança;0;2;0;0;0;0;0
10.338.320/0001-00;2023-12-31;5;135815;Não-liderança;0;2;2;1;0;0;0
10.488.244/0001-19;2023-12-31;2;136018;Liderança;0;1;0;0;0;0;0
10.488.244/0001-19;2023-12-31;2;136018;Não-liderança;0;1;0;0;0;0;0
10.502.676/0001-37;2023-12-31;1;127426;Liderança;0;7;1;2;0;0;0
10.502.676/0001-37;2023-12-31;1;127426;Não-liderança;0;27;0;2;0;0;0
10.571.175/0001-02;2023-12-31;10;136844;Liderança;2;45;3;13;7;0;11
10.571.175/0001-02;2023-12-31;10;136844;Não-liderança;3;91;17;231;24;0;24
10.629.105/0001-68;2023-12-31;19;136834;Liderança;0;104;4;31;0;0;0
10.629.105/0001-68;2023-12-31;19;136834;Não-liderança;4;328;48;126;0;0;0
10.635.691/0001-53;2023-12-31;1;127914;Liderança;0;0;0;0;0;0;88
10.635.691/0001-53;2023-12-31;1;127914;Não-liderança;0;0;0;0;0;0;557
10.739.356/0001-03;2023-12-31;8;133425;Liderança;4;45;1;0;0;0;0
10.739.356/0001-03;2023-12-31;8;133425;Não-liderança;1;85;6;9;0;0;0
10.760.260/0001-19;2023-12-31;23;138038;Liderança;11;288;13;48;1;0;8
10.760.260/0001-19;2023-12-31;23;138038;Não-liderança;30;1295;194;464;5;0;75
10.807.374/0001-77;2023-12-31;4;131521;Liderança;0;16;4;9;0;0;0
10.807.374/0001-77;2023-12-31;4;131521;Não-liderança;0;96;59;248;0;0;0
10.835.932/0001-08;2023-12-31;9;135992;Liderança;2;118;7;61;0;0;0
10.835.932/0001-08;2023-12-31;9;135992;Não-liderança;43;1106;329;1649;14;0;218
10.851.805/0001-00;2023-12-31;1;130805;Liderança;0;0;0;0;0;0;372
10.851.805/0001-00;2023-12-31;1;130805;Não-liderança;0;0;0;0;0;0;4315
11.257.352/0001-43;2023-12-31;2;128319;Liderança;0;2;0;0;0;0;0
11.257.352/0001-43;2023-12-31;2;128319;Não-liderança;0;2;0;0;0;0;0
11.284.204/0001-18;2023-12-31;7;135896;Liderança;1;69;2;21;0;0;0
11.284.204/0001-18;2023-12-31;7;135896;Não-liderança;1;28;5;9;0;0;0
11.421.994/0001-36;2023-12-31;18;137737;Liderança;0;28;2;13;0;0;68
11.421.994/0001-36;2023-12-31;18;137737;Não-liderança;11;311;97;470;0;0;979
11.669.021/0001-10;2023-12-31;14;135683;Liderança;0;51;2;5;0;1;2
11.669.021/0001-10;2023-12-31;14;135683;Não-liderança;1;69;11;22;0;0;3
11.716.471/0001-17;2023-12-31;1;128179;Liderança;0;0;0;0;0;0;3
11.716.471/0001-17;2023-12-31;1;128179;Não-liderança;0;0;0;0;0;0;2
11.721.921/0001-60;2023-12-31;10;136541;Liderança;5;144;5;45;0;0;8
11.721.921/0001-60;2023-12-31;10;136541;Não-liderança;7;328;49;163;1;0;14
11.725.176/0001-27;2023-12-31;5;131125;Liderança;4;126;9;14;0;19;25
11.725.176/0001-27;2023-12-31;5;131125;Não-liderança;16;561;71;165;1;83;93
11.992.680/0001-93;2023-12-31;11;137624;Liderança;1;232;24;52;5;1;5
11.992.680/0001-93;2023-12-31;11;137624;Não-liderança;16;1253;207;534;12;0;90
12.049.631/0001-84;2023-12-31;4;133256;Liderança;0;53;2;71;0;0;0
12.049.631/0001-84;2023-12-31;4;133256;Não-liderança;7;398;448;2668;0;0;0
12.091.809/0001-55;2023-12-31;26;137857;Liderança;0;47;3;19;0;0;72
12.091.809/0001-55;2023-12-31;26;137857;Não-liderança;1;107;12;63;0;0;182
12.104.241/0004-02;2023-12-31;16;137913;Liderança;4;292;30;289;0;0;80
12.104.241/0004-02;2023-12-31;16;137913;Não-liderança;90;2375;676;3022;6;53;563
12.108.897/0001-50;2023-12-31;8;137392;Liderança;2;256;54;458;0;0;6
12.108.897/0001-50;2023-12-31;8;137392;Não-liderança;38;713;398;1820;7;0;16
12.181.987/0001-77;2023-12-31;16;138479;Liderança;0;104;0;4;1;0;0
12.181.987/0001-77;2023-12-31;16;138479;Não-liderança;0;649;19;27;0;0;0
12.300.288/0001-07;2023-12-31;8;136892;Liderança;0;10;0;8;0;0;0
12.300.288/0001-07;2023-12-31;8;136892;Não-liderança;4;89;29;65;1;0;163
12.420.164/0001-57;2023-12-31;15;137746;Liderança;3;441;21;69;2;51;0
12.420.164/0001-57;2023-12-31;15;137746;Não-liderança;27;3527;312;1218;8;318;0
12.528.708/0001-07;2023-12-31;11;135653;Liderança;3;87;11;207;1;0;20
12.528.708/0001-07;2023-12-31;11;135653;Não-liderança;81;792;392;4394;144;0;168
12.648.266/0001-24;2023-12-31;14;138892;Liderança;38;1210;251;633;4;32;0
12.648.266/0001-24;2023-12-31;14;138892;Não-liderança;204;6486;1343;3394;22;168;0
12.648.327/0001-53;2023-12-31;21;137833;Liderança;0;55;0;9;0;0;0
12.648.327/0001-53;2023-12-31;21;137833;Não-liderança;3;69;7;31;0;0;0
13.009.717/0001-46;2023-12-31;9;135893;Liderança;2;76;12;268;0;0;4
13.009.717/0001-46;2023-12-31;9;135893;Não-liderança;4;158;26;298;0;0;2
13.217.485/0001-11;2023-12-31;8;137191;Liderança;44;815;118;328;2;0;168
13.217.485/0001-11;2023-12-31;8;137191;Não-liderança;162;3273;1164;2840;46;0;822
13.270.520/0001-66;2023-12-31;13;137760;Liderança;7;119;5;232;0;1;13
13.270.520/0001-66;2023-12-31;13;137760;Não-liderança;132;1521;325;6911;0;60;692
13.444.994/0001-87;2023-12-31;2;128486;Liderança;1;47;0;75;3;0;0
13.444.994/0001-87;2023-12-31;2;128486;Não-liderança;0;32;5;256;1;0;0
13.522.948/0001-59;2023-12-31;4;136618;Liderança;1;15;0;0;0;0;0
13.522.948/0001-59;2023-12-31;4;136618;Não-liderança;2;62;7;19;0;0;3
13.574.594/0001-96;2023-12-31;16;136609;Liderança;2;174;15;121;0;0;13
13.574.594/0001-96;2023-12-31;16;136609;Não-liderança;241;4155;2604;8766;75;0;358
13.584.310/0001-42;2023-12-31;3;129865;Liderança;0;0;0;0;0;0;10
13.584.310/0001-42;2023-12-31;3;129865;Não-liderança;0;0;0;0;0;0;96
13.783.221/0004-78;2023-12-31;3;134131;Liderança;0;0;0;0;0;0;1684
13.783.221/0004-78;2023-12-31;3;134131;Não-liderança;0;0;0;0;0;0;5765
14.110.585/0001-07;2023-12-31;15;137804;Liderança;2;75;3;22;0;0;1
14.110.585/0001-07;2023-12-31;15;137804;Não-liderança;10;198;28;84;4;0;14
14.127.813/0001-51;2023-12-31;26;136832;Liderança;1;24;2;1;0;0;8
14.127.813/0001-51;2023-12-31;26;136832;Não-liderança;7;88;14;33;1;0;14
14.191.427/0001-29;2023-12-31;1;128049;Liderança;0;8;0;3;0;0;0
14.191.427/0001-29;2023-12-31;1;128049;Não-liderança;0;19;2;7;0;0;0
14.388.334/0001-99;2023-12-31;11;135518;Liderança;3;58;4;0;0;8;18
14.388.334/0001-99;2023-12-31;11;135518;Não-liderança;5;217;9;0;1;37;40
14.776.142/0001-50;2023-12-31;18;136557;Liderança;4;77;6;15;0;0;10
14.776.142/0001-50;2023-12-31;18;136557;Não-liderança;17;321;50;166;0;0;39
14.785.152/0001-51;2023-12-31;8;137799;Liderança;0;22;0;2;0;0;0
14.785.152/0001-51;2023-12-31;8;137799;Não-liderança;2;31;1;11;0;0;0
14.807.945/0001-24;2023-12-31;8;137005;Liderança;17;22;3;11;0;0;0
14.807.945/0001-24;2023-12-31;8;137005;Não-liderança;46;401;239;658;3;7;10
14.882.295/0001-81;2023-12-31;8;136106;Liderança;4;220;31;133;0;0;16
14.882.295/0001-81;2023-12-31;8;136106;Não-liderança;15;589;159;500;5;0;87
14.998.371/0001-19;2023-12-31;5;136057;Liderança;1;126;13;118;0;0;1
14.998.371/0001-19;2023-12-31;5;136057;Não-liderança;5;680;316;1280;10;0;37
15.073.274/0001-88;2023-12-31;2;128440;Liderança;0;2;0;0;0;0;0
15.073.274/0001-88;2023-12-31;2;128440;Não-liderança;0;0;0;0;0;0;1
15.101.405/0001-93;2023-12-31;5;131017;Liderança;0;5;0;0;0;0;0
15.101.405/0001-93;2023-12-31;5;131017;Não-liderança;0;1;0;0;0;0;0
15.115.504/0001-24;2023-12-31;6;136974;Liderança;0;13;1;1;0;0;0
15.115.504/0001-24;2023-12-31;6;136974;Não-liderança;1;57;44;144;1;0;80
15.139.629/0001-94;2023-12-31;14;135917;Liderança;9;170;28;96;1;0;0
15.139.629/0001-94;2023-12-31;14;135917;Não-liderança;45;754;1055;3136;8;0;171
15.141.799/0001-03;2023-12-31;5;136575;Liderança;9;66;8;38;0;0;34
15.141.799/0001-03;2023-12-31;5;136575;Não-liderança;115;979;314;751;0;0;875
15.144.017/0001-90;2023-12-31;9;134209;Liderança;0;4;1;3;0;0;0
15.144.017/0001-90;2023-12-31;9;134209;Não-liderança;0;8;3;8;0;10;1
16.233.389/0001-55;2023-12-31;7;135762;Liderança;3;40;18;101;0;0;35
16.233.389/0001-55;2023-12-31;7;135762;Não-liderança;19;157;236;1082;4;2;613
16.234.171/0001-15;2023-12-31;2;129344;Liderança;0;0;0;0;0;0;7
16.234.171/0001-15;2023-12-31;2;129344;Não-liderança;0;0;0;0;0;0;64
16.404.287/0001-55;2023-12-31;12;137725;Liderança;32;836;75;379;1;0;81
16.404.287/0001-55;2023-12-31;12;137725;Não-liderança;343;6579;2068;8436;159;0;330
16.590.234/0001-76;2023-12-31;9;136975;Liderança;10;612;43;130;5;1;31
16.590.234/0001-76;2023-12-31;9;136975;Não-liderança;90;3539;781;1957;32;5;336
16.614.075/0001-00;2023-12-31;10;137670;Liderança;4;129;20;85;1;0;0
16.614.075/0001-00;2023-12-31;10;137670;Não-liderança;46;954;855;3071;6;7;154
16.670.085/0001-55;2023-12-31;16;137317;Liderança;0;0;0;0;0;0;1693
16.670.085/0001-55;2023-12-31;16;137317;Não-liderança;0;0;0;0;0;0;15859
16.676.520/0001-59;2023-12-31;9;137955;Liderança;16;143;44;120;1;1;103
16.676.520/0001-59;2023-12-31;9;137955;Não-liderança;127;1099;819;2169;15;31;3893
16.811.931/0001-00;2023-12-31;14;135498;Liderança;4;140;8;29;0;2;32
16.811.931/0001-00;2023-12-31;14;135498;Não-liderança;1;64;5;12;0;0;15
16.922.038/0001-51;2023-12-31;8;137295;Liderança;2;44;1;2;0;0;0
16.922.038/0001-51;2023-12-31;8;137295;Não-liderança;14;163;19;56;1;0;0
17.155.730/0001-64;2023-12-31;14;137237;Liderança;1;134;4;30;0;0;30
17.155.730/0001-64;2023-12-31;14;137237;Não-liderança;21;2704;279;1536;6;0;178
17.159.229/0001-76;2023-12-31;1;127979;Liderança;1;51;3;137;0;0;0
17.159.229/0001-76;2023-12-31;1;127979;Não-liderança;1;400;20;2831;0;0;2
17.161.241/0001-15;2023-12-31;1;125804;Liderança;0;14;0;9;0;0;0
17.161.241/0001-15;2023-12-31;1;125804;Não-liderança;2;165;50;220;0;0;0
17.162.082/0001-73;2023-12-31;1;127635;Liderança;0;3;0;0;0;0;0
17.162.082/0001-73;2023-12-31;1;127635;Não-liderança;0;4;1;1;0;0;0
17.167.396/0001-69;2023-12-31;13;136162;Liderança;0;0;0;0;0;0;1
17.167.396/0001-69;2023-12-31;13;136162;Não-liderança;0;0;0;0;0;0;1
17.167.412/0001-13;2023-12-31;14;135013;Liderança;1;82;2;6;0;0;0
17.167.412/0001-13;2023-12-31;14;135013;Não-liderança;3;505;33;170;0;0;0
17.184.037/0001-10;2023-12-31;9;136152;Liderança;7;476;33;172;0;0;17
17.184.037/0001-10;2023-12-31;9;136152;Não-liderança;31;1210;136;651;3;0;92
17.193.806/0001-46;2023-12-31;10;134826;Liderança;0;0;0;0;0;0;1
17.193.806/0001-46;2023-12-31;10;134826;Não-liderança;0;0;0;0;0;0;1
17.245.234/0001-00;2023-12-31;5;133727;Liderança;0;69;17;111;0;0;0
17.245.234/0001-00;2023-12-31;5;133727;Não-liderança;7;519;501;2468;8;2;0
17.281.106/0001-03;2023-12-31;23;136672;Liderança;19;535;140;582;3;0;66
17.281.106/0001-03;2023-12-31;23;136672;Não-liderança;96;3414;1082;3773;21;0;459
17.314.329/0001-20;2023-12-31;12;135495;Liderança;1;155;8;215;1;13;0
17.314.329/0001-20;2023-12-31;12;135495;Não-liderança;55;2267;586;3239;3;1174;0
17.344.597/0001-94;2023-12-31;16;137130;Liderança;0;32;0;6;0;0;0
17.344.597/0001-94;2023-12-31;16;137130;Não-liderança;4;103;2;28;0;0;0
17.359.233/0001-88;2023-12-31;3;136043;Liderança;1;117;16;139;0;0;7
17.359.233/0001-88;2023-12-31;3;136043;Não-liderança;23;560;430;1354;5;0;13
17.943.792/0001-30;2023-12-31;1;127632;Liderança;0;9;0;0;0;0;0
17.943.792/0001-30;2023-12-31;1;127632;Não-liderança;0;17;0;0;0;0;0
18.174.270/0001-84;2023-12-31;5;137310;Liderança;0;0;0;0;0;0;73
18.174.270/0001-84;2023-12-31;5;137310;Não-liderança;0;0;0;0;0;0;312
18.328.118/0001-09;2023-12-31;8;136960;Liderança;1;89;14;60;1;0;533
18.328.118/0001-09;2023-12-31;8;136960;Não-liderança;33;1107;416;1146;14;2;3897
18.483.666/0001-03;2023-12-31;5;133334;Liderança;0;10;1;2;0;0;0
18.483.666/0001-03;2023-12-31;5;133334;Não-liderança;0;23;4;9;0;0;0
18.593.815/0001-97;2023-12-31;13;137702;Liderança;0;206;60;410;0;0;23
18.593.815/0001-97;2023-12-31;13;137702;Não-liderança;10;731;448;3638;3;0;295
19.014.221/0001-47;2023-12-31;6;136189;Liderança;15;125;1;18;0;0;2
19.014.221/0001-47;2023-12-31;6;136189;Não-liderança;40;571;33;162;0;0;8
19.378.769/0001-76;2023-12-31;3;128238;Liderança;13;243;36;452;1;0;7
19.378.769/0001-76;2023-12-31;3;128238;Não-liderança;86;1689;591;4324;7;0;35
19.403.252/0001-90;2023-12-31;9;137277;Liderança;9;112;21;62;0;0;0
19.403.252/0001-90;2023-12-31;9;137277;Não-liderança;18;416;160;363;5;0;16
19.521.322/0001-04;2023-12-31;4;136508;Liderança;1;22;3;36;0;0;0
19.521.322/0001-04;2023-12-31;4;136508;Não-liderança;4;143;32;572;0;0;15
19.526.748/0001-50;2023-12-31;2;136495;Liderança;0;70;5;3;0;0;0
19.526.748/0001-50;2023-12-31;2;136495;Não-liderança;1;818;257;161;0;0;0
19.796.586/0001-70;2023-12-31;4;135488;Liderança;0;0;0;0;0;0;447
19.796.586/0001-70;2023-12-31;4;135488;Não-liderança;0;0;0;0;0;0;6456
20.247.322/0001-47;2023-12-31;10;135659;Liderança;5;303;23;103;3;0;41
20.247.322/0001-47;2023-12-31;10;135659;Não-liderança;16;430;81;209;28;0;63
20.258.278/0001-70;2023-12-31;5;136542;Liderança;0;135;3;6;0;0;5
20.258.278/0001-70;2023-12-31;5;136542;Não-liderança;2;769;72;76;0;0;91
20.512.706/0001-40;2023-12-31;14;136109;Liderança;6;709;27;101;0;3;0
20.512.706/0001-40;2023-12-31;14;136109;Não-liderança;56;6902;411;1859;17;86;0
21.110.778/0001-23;2023-12-31;6;134532;Liderança;0;30;0;5;0;0;0
21.110.778/0001-23;2023-12-31;6;134532;Não-liderança;0;194;15;64;0;0;0
21.240.146/0001-84;2023-12-31;16;136597;Liderança;8;368;13;85;0;3;0
21.240.146/0001-84;2023-12-31;16;136597;Não-liderança;42;1376;129;546;3;54;0
21.254.073/0001-80;2023-12-31;2;136116;Liderança;0;3;0;0;0;0;0
21.254.073/0001-80;2023-12-31;2;136116;Não-liderança;0;6;0;3;0;0;0
21.255.567/0001-89;2023-12-31;6;136752;Liderança;1;71;1;49;0;2;0
21.255.567/0001-89;2023-12-31;6;136752;Não-liderança;10;437;143;757;0;45;0
21.314.559/0001-66;2023-12-31;20;137252;Liderança;11;497;22;209;0;0;0
21.314.559/0001-66;2023-12-31;20;137252;Não-liderança;63;2555;475;2111;7;10;0
21.389.501/0001-81;2023-12-31;10;136680;Liderança;1;22;0;1;0;0;1
21.389.501/0001-81;2023-12-31;10;136680;Não-liderança;1;22;1;9;0;0;0
21.948.105/0001-47;2023-12-31;1;128063;Liderança;1;4;0;0;0;0;0
21.948.105/0001-47;2023-12-31;1;128063;Não-liderança;0;1;0;0;0;0;0
21.976.510/0001-79;2023-12-31;1;128064;Liderança;1;4;0;0;0;0;0
21.976.510/0001-79;2023-12-31;1;128064;Não-liderança;0;1;0;0;0;0;0
22.261.473/0001-85;2023-12-31;11;137116;Liderança;0;27;4;10;0;0;0
22.261.473/0001-85;2023-12-31;11;137116;Não-liderança;1;69;8;36;0;0;1
22.266.175/0001-88;2023-12-31;13;137810;Liderança;0;0;0;0;0;0;1
22.266.175/0001-88;2023-12-31;13;137810;Não-liderança;0;0;0;0;0;0;1510
22.543.331/0001-00;2023-12-31;9;136588;Liderança;3;43;1;18;0;0;0
22.543.331/0001-00;2023-12-31;9;136588;Não-liderança;4;35;3;21;1;0;0
22.677.520/0001-76;2023-12-31;7;136799;Liderança;0;11;0;0;0;0;0
22.677.520/0001-76;2023-12-31;7;136799;Não-liderança;0;0;0;0;0;0;1
23.041.875/0001-37;2023-12-31;5;135482;Liderança;0;0;0;0;0;0;728
23.041.875/0001-37;2023-12-31;5;135482;Não-liderança;0;0;0;0;0;0;32702
23.236.821/0001-27;2023-12-31;5;135757;Liderança;0;0;0;0;0;0;63
23.236.821/0001-27;2023-12-31;5;135757;Não-liderança;0;0;0;0;0;0;946
23.373.000/0001-32;2023-12-31;18;136159;Liderança;9;232;8;86;0;0;0
23.373.000/0001-32;2023-12-31;18;136159;Não-liderança;66;1289;242;865;25;5;0
23.438.929/0001-00;2023-12-31;6;133243;Liderança;0;187;15;198;0;0;0
23.438.929/0001-00;2023-12-31;6;133243;Não-liderança;0;547;132;944;1;0;0
24.230.275/0001-80;2023-12-31;2;136596;Liderança;5;110;4;52;0;1;0
24.230.275/0001-80;2023-12-31;2;136596;Não-liderança;7;150;29;70;0;0;1
24.396.489/0001-20;2023-12-31;10;136914;Liderança;21;534;49;324;0;0;3
24.396.489/0001-20;2023-12-31;10;136914;Não-liderança;88;2076;716;2515;11;0;13
24.410.913/0001-44;2023-12-31;3;129753;Liderança;63;1024;89;162;5;97;224
24.410.913/0001-44;2023-12-31;3;129753;Não-liderança;165;3019;848;903;46;577;827
24.921.465/0001-43;2023-12-31;3;131996;Liderança;0;30;2;11;0;0;2
24.921.465/0001-43;2023-12-31;3;131996;Não-liderança;20;685;186;694;3;0;21
24.962.466/0001-36;2023-12-31;6;135531;Liderança;3;407;9;64;0;0;2
24.962.466/0001-36;2023-12-31;6;135531;Não-liderança;65;4704;707;2303;30;0;20
24.990.777/0001-09;2023-12-31;9;137712;Liderança;5;61;25;1759;1;374;1346
24.990.777/0001-09;2023-12-31;9;137712;Não-liderança;10;288;91;13955;1;8430;20466
25.089.509/0001-83;2023-12-31;7;136127;Liderança;3;64;5;86;0;0;0
25.089.509/0001-83;2023-12-31;7;136127;Não-liderança;24;242;131;541;1;0;0
25.249.439/0001-83;2023-12-31;5;134235;Liderança;2;215;7;12;0;0;15
25.249.439/0001-83;2023-12-31;5;134235;Não-liderança;26;5336;551;1197;2;0;967
25.369.840/0001-57;2023-12-31;11;137379;Liderança;0;0;0;0;0;0;145
25.369.840/0001-57;2023-12-31;11;137379;Não-liderança;0;0;0;0;0;0;570
26.072.786/0001-46;2023-12-31;3;136118;Liderança;0;0;0;0;0;0;63
26.072.786/0001-46;2023-12-31;3;136118;Não-liderança;0;0;0;0;0;0;2983
26.345.998/0001-50;2023-12-31;11;137722;Liderança;5;70;2;17;0;0;0
26.345.998/0001-50;2023-12-31;11;137722;Não-liderança;8;171;20;38;0;5;3
26.462.693/0001-28;2023-12-31;4;136129;Liderança;7;47;0;5;0;0;0
26.462.693/0001-28;2023-12-31;4;136129;Não-liderança;8;99;24;89;1;0;0
26.659.061/0001-59;2023-12-31;12;137861;Liderança;10;492;24;224;1;0;1
26.659.061/0001-59;2023-12-31;12;137861;Não-liderança;56;2106;300;1645;4;0;4
27.093.558/0001-15;2023-12-31;9;138941;Liderança;3;146;14;47;0;1;0
27.093.558/0001-15;2023-12-31;9;138941;Não-liderança;18;848;205;624;6;41;0
27.743.642/0001-37;2023-12-31;4;132766;Liderança;0;1;0;0;0;0;0
27.743.642/0001-37;2023-12-31;4;132766;Não-liderança;0;0;0;3;0;0;0
28.127.603/0001-78;2023-12-31;15;136663;Liderança;1;279;14;152;0;0;0
28.127.603/0001-78;2023-12-31;15;136663;Não-liderança;10;1044;68;496;3;0;6
28.195.667/0001-06;2023-12-31;16;137178;Liderança;2;179;6;12;0;0;0
28.195.667/0001-06;2023-12-31;16;137178;Não-liderança;14;697;29;104;0;0;0
28.594.234/0001-23;2023-12-31;9;137267;Liderança;0;0;0;0;0;0;74
28.594.234/0001-23;2023-12-31;9;137267;Não-liderança;0;0;0;0;0;0;227
29.780.061/0001-09;2023-12-31;10;137931;Liderança;0;18;2;3;0;0;3
29.780.061/0001-09;2023-12-31;10;137931;Não-liderança;0;31;3;5;0;0;11
29.950.060/0001-57;2023-12-31;4;137893;Liderança;0;30;2;11;0;0;0
29.950.060/0001-57;2023-12-31;4;137893;Não-liderança;4;103;39;114;0;0;0
29.980.141/0001-08;2023-12-31;7;137329;Liderança;0;49;3;13;0;0;0
29.980.141/0001-08;2023-12-31;7;137329;Não-liderança;3;742;235;663;0;0;28
30.213.493/0001-09;2023-12-31;4;135143;Liderança;4;127;3;36;0;0;29
30.213.493/0001-09;2023-12-31;4;135143;Não-liderança;10;340;77;222;3;0;74
30.306.294/0001-45;2023-12-31;14;138412;Liderança;41;1540;35;157;3;0;12
30.306.294/0001-45;2023-12-31;14;138412;Não-liderança;149;3258;192;578;13;0;21
30.540.991/0001-66;2023-12-31;4;136008;Liderança;0;16;3;4;0;0;0
30.540.991/0001-66;2023-12-31;4;136008;Não-liderança;0;83;24;26;0;0;0
30.723.886/0001-62;2023-12-31;3;128855;Liderança;5;167;3;36;0;0;19
30.723.886/0001-62;2023-12-31;3;128855;Não-liderança;10;501;52;202;0;0;96
31.553.627/0001-01;2023-12-31;11;136766;Liderança;9;118;17;44;0;0;2
31.553.627/0001-01;2023-12-31;11;136766;Não-liderança;11;284;77;172;5;0;69
31.748.174/0001-60;2023-12-31;10;135631;Liderança;1;244;4;8;0;0;30
31.748.174/0001-60;2023-12-31;10;135631;Não-liderança;6;1361;137;340;7;0;432
32.021.201/0001-61;2023-12-31;12;134315;Liderança;3;54;7;52;3;1;66
32.021.201/0001-61;2023-12-31;12;134315;Não-liderança;3;110;46;130;3;0;420
32.681.371/0001-72;2023-12-31;3;134520;Liderança;8;71;38;124;3;2;10
32.681.371/0001-72;2023-12-31;3;134520;Não-liderança;286;2640;1429;4612;124;57;381
32.785.497/0001-97;2023-12-31;12;137902;Liderança;29;670;15;68;0;0;24
32.785.497/0001-97;2023-12-31;12;137902;Não-liderança;120;4491;674;2140;17;0;115
33.000.167/0001-01;2023-12-31;26;137831;Liderança;56;3050;145;817;7;0;453
33.000.167/0001-01;2023-12-31;26;137831;Não-liderança;530;18946;2109;8537;89;0;3943
33.035.536/0001-00;2023-12-31;4;135887;Liderança;0;8;0;4;0;0;8
33.035.536/0001-00;2023-12-31;4;135887;Não-liderança;0;21;4;12;0;5;40
33.040.601/0001-87;2023-12-31;4;136154;Liderança;0;7;0;0;0;0;0
33.040.601/0001-87;2023-12-31;4;136154;Não-liderança;0;0;0;0;0;0;1
33.041.260/0652-90;2023-12-31;23;137451;Liderança;23;938;73;433;4;125;0
33.041.260/0652-90;2023-12-31;23;137451;Não-liderança;524;16707;3777;14074;127;5061;0
33.042.730/0001-04;2023-12-31;9;137659;Liderança;9;824;412;0;4;0;20
33.042.730/0001-04;2023-12-31;9;137659;Não-liderança;357;9983;13716;0;77;0;728
33.050.071/0001-58;2023-12-31;14;135754;Liderança;0;61;1;21;1;0;42
33.050.071/0001-58;2023-12-31;14;135754;Não-liderança;5;275;65;160;2;1;529
33.102.476/0001-92;2023-12-31;4;137041;Liderança;0;1;0;3;0;0;0
33.102.476/0001-92;2023-12-31;4;137041;Não-liderança;1;14;1;6;0;0;0
33.113.309/0001-47;2023-12-31;12;136868;Liderança;3;161;14;35;0;0;0
33.113.309/0001-47;2023-12-31;12;136868;Não-liderança;22;1411;171;786;6;0;6
33.130.691/0001-05;2023-12-31;6;135829;Liderança;2;234;12;101;0;1;0
33.130.691/0001-05;2023-12-31;6;135829;Não-liderança;17;1819;268;1429;25;12;0
33.200.049/0001-47;2023-12-31;1;127255;Liderança;0;31;4;17;0;0;0
33.200.049/0001-47;2023-12-31;1;127255;Não-liderança;0;127;54;130;2;0;0
33.228.024/0001-51;2023-12-31;3;136911;Liderança;0;0;0;0;0;0;133
33.228.024/0001-51;2023-12-31;3;136911;Não-liderança;0;0;0;0;0;0;813
33.256.439/0001-39;2023-12-31;7;137601;Liderança;22;902;47;195;0;0;8
33.256.439/0001-39;2023-12-31;7;137601;Não-liderança;101;4542;943;2868;11;0;139
33.352.394/0001-04;2023-12-31;5;135886;Liderança;0;0;0;0;0;0;577
33.352.394/0001-04;2023-12-31;5;135886;Não-liderança;7;287;40;164;0;6;2247
33.376.989/0001-91;2023-12-31;13;137703;Liderança;1;46;0;7;0;0;0
33.376.989/0001-91;2023-12-31;13;137703;Não-liderança;7;232;20;66;1;0;0
33.386.210/0001-19;2023-12-31;1;127857;Liderança;0;10;1;0;0;0;0
33.386.210/0001-19;2023-12-31;1;127857;Não-liderança;6;252;20;15;0;0;0
33.467.572/0001-34;2023-12-31;2;136507;Liderança;0;35;1;2;0;0;0
33.467.572/0001-34;2023-12-31;2;136507;Não-liderança;1;251;16;58;0;0;12
33.541.368/0001-16;2023-12-31;6;136210;Liderança;1;151;9;91;1;0;0
33.541.368/0001-16;2023-12-31;6;136210;Não-liderança;17;1057;191;1146;9;0;21
33.572.408/0001-97;2023-12-31;5;136586;Liderança;3;407;9;64;0;0;2
33.572.408/0001-97;2023-12-31;5;136586;Não-liderança;65;4704;707;2303;30;0;20
33.592.510/0001-54;2023-12-31;22;137025;Liderança;78;1956;270;1287;4;1707;53
33.592.510/0001-54;2023-12-31;22;137025;Não-liderança;1047;14756;6126;27038;185;9468;541
33.611.500/0001-19;2023-12-31;13;138034;Liderança;57;1707;91;567;2;0;2186
33.611.500/0001-19;2023-12-31;13;138034;Não-liderança;550;7991;2022;6517;54;0;8854
33.839.910/0001-11;2023-12-31;10;136574;Liderança;13;366;19;175;0;1;6
33.839.910/0001-11;2023-12-31;10;136574;Não-liderança;46;1692;243;1815;13;1;67
33.938.119/0001-69;2023-12-31;5;137821;Liderança;2;80;3;14;0;0;10
33.938.119/0001-69;2023-12-31;5;137821;Não-liderança;2;145;18;74;0;0;24
33.958.695/0001-78;2023-12-31;15;135966;Liderança;1;141;1;7;0;8;37
33.958.695/0001-78;2023-12-31;15;135966;Não-liderança;0;527;31;163;0;23;492
34.169.557/0001-72;2023-12-31;4;130647;Liderança;0;3;0;1;0;0;0
34.169.557/0001-72;2023-12-31;4;130647;Não-liderança;0;1;0;2;0;0;0
34.274.233/0001-02;2023-12-31;22;138000;Liderança;2;214;9;46;0;0;2
34.274.233/0001-02;2023-12-31;22;138000;Não-liderança;36;1659;252;1085;8;0;51
35.727.157/0001-06;2023-12-31;3;137551;Liderança;0;1;0;1;0;0;0
35.727.157/0001-06;2023-12-31;3;137551;Não-liderança;0;16;9;37;0;0;3
35.791.391/0001-94;2023-12-31;9;138043;Liderança;1;101;6;32;2;0;0
35.791.391/0001-94;2023-12-31;9;138043;Não-liderança;16;1051;116;422;2;6;16
36.542.025/0001-64;2023-12-31;5;134174;Liderança;9;228;5;37;1;1;0
36.542.025/0001-64;2023-12-31;5;134174;Não-liderança;96;1875;214;651;7;24;0
37.663.076/0001-07;2023-12-31;15;137741;Liderança;1;62;2;4;0;0;29
37.663.076/0001-07;2023-12-31;15;137741;Não-liderança;0;207;6;44;0;0;239
37.702.340/0001-74;2023-12-31;2;130746;Liderança;0;10;1;68;0;0;13
37.702.340/0001-74;2023-12-31;2;130746;Não-liderança;10;94;124;285;0;0;0
38.199.406/0001-18;2023-12-31;2;133614;Liderança;0;10;0;31;0;0;0
38.199.406/0001-18;2023-12-31;2;133614;Não-liderança;0;11;0;345;0;0;0
38.307.135/0001-77;2023-12-31;4;135507;Liderança;0;0;0;0;0;0;1
38.307.135/0001-77;2023-12-31;4;135507;Não-liderança;0;0;0;0;0;0;1
38.456.921/0001-36;2023-12-31;14;136778;Liderança;5;184;16;37;1;0;62
38.456.921/0001-36;2023-12-31;14;136778;Não-liderança;31;1001;306;796;9;0;754
39.115.514/0001-28;2023-12-31;4;136587;Liderança;3;407;9;64;0;0;2
39.115.514/0001-28;2023-12-31;4;136587;Não-liderança;65;4704;707;2303;30;0;20
39.346.861/0350-38;2023-12-31;7;137657;Liderança;25;729;339;1260;8;0;176
39.346.861/0350-38;2023-12-31;7;137657;Não-liderança;174;4084;2891;8915;76;0;1090
39.580.673/0001-01;2023-12-31;6;137846;Liderança;1;46;8;39;0;0;0
39.580.673/0001-01;2023-12-31;6;137846;Não-liderança;12;134;83;266;3;0;0
39.881.421/0001-04;2023-12-31;2;137198;Liderança;0;55;2;1;0;0;1
39.881.421/0001-04;2023-12-31;2;137198;Não-liderança;0;139;3;14;0;0;3
40.159.947/0001-64;2023-12-31;7;137862;Liderança;1;110;6;50;0;0;1
40.159.947/0001-64;2023-12-31;7;137862;Não-liderança;8;867;295;813;1;0;4
40.263.170/0001-83;2023-12-31;4;135922;Liderança;4;336;23;202;1;0;0
40.263.170/0001-83;2023-12-31;4;135922;Não-liderança;35;3387;1450;5350;10;0;0
40.337.136/0001-06;2023-12-31;11;137840;Liderança;1;6;1;2;0;0;0
40.337.136/0001-06;2023-12-31;11;137840;Não-liderança;0;5;2;3;0;0;1
40.593.395/0001-06;2023-12-31;3;128889;Liderança;0;3;0;0;0;0;0
40.593.395/0001-06;2023-12-31;3;128889;Não-liderança;0;0;0;0;0;0;1
41.052.420/0001-07;2023-12-31;7;132838;Liderança;29;424;89;687;4;0;100
41.052.420/0001-07;2023-12-31;7;132838;Não-liderança;334;2662;1849;9985;54;0;1568
41.096.674/0001-19;2023-12-31;6;136716;Liderança;0;0;0;0;0;0;115
41.096.674/0001-19;2023-12-31;6;136716;Não-liderança;0;0;0;0;0;0;1039
41.886.692/0001-02;2023-12-31;4;137399;Liderança;0;10;0;0;0;0;0
41.886.692/0001-02;2023-12-31;4;137399;Não-liderança;0;269;26;0;0;0;0
42.150.391/0001-70;2023-12-31;11;137858;Liderança;29;615;120;0;0;21;196
42.150.391/0001-70;2023-12-31;11;137858;Não-liderança;128;3890;2296;0;0;91;1282
42.233.757/0001-75;2023-12-31;1;128045;Liderança;0;1;0;1;0;0;0
42.233.757/0001-75;2023-12-31;1;128045;Não-liderança;0;0;0;0;0;0;1
42.278.291/0001-24;2023-12-31;10;137740;Liderança;0;74;3;82;1;0;5
42.278.291/0001-24;2023-12-31;10;137740;Não-liderança;4;276;71;506;1;0;8
42.278.473/0001-03;2023-12-31;9;137096;Liderança;9;135;16;67;0;0;85
42.278.473/0001-03;2023-12-31;9;137096;Não-liderança;60;555;194;467;5;0;339
42.331.462/0001-31;2023-12-31;5;133674;Liderança;0;0;0;0;0;0;64
42.331.462/0001-31;2023-12-31;5;133674;Não-liderança;0;0;0;0;0;0;572
42.500.384/0001-51;2023-12-31;6;134406;Liderança;2;74;4;15;0;0;1
42.500.384/0001-51;2023-12-31;6;134406;Não-liderança;3;157;16;60;1;1;4
42.737.954/0001-21;2023-12-31;9;134281;Liderança;17;401;17;140;1;11;41
42.737.954/0001-21;2023-12-31;9;134281;Não-liderança;65;1876;270;1051;2;58;121
42.771.949/0001-35;2023-12-31;19;137491;Liderança;2;181;20;251;0;5;8
42.771.949/0001-35;2023-12-31;19;137491;Não-liderança;24;1452;283;3218;5;49;11
43.283.811/0001-50;2023-12-31;1;127902;Liderança;3;289;20;274;1;0;1
43.283.811/0001-50;2023-12-31;1;127902;Não-liderança;4;695;248;3300;2;0;36
43.470.988/0001-65;2023-12-31;11;137609;Liderança;5;76;1;13;0;0;0
43.470.988/0001-65;2023-12-31;11;137609;Não-liderança;7;355;61;164;1;0;0
43.513.237/0001-89;2023-12-31;1;131652;Liderança;1;220;10;65;0;43;0
43.513.237/0001-89;2023-12-31;1;131652;Não-liderança;2;993;99;852;1;506;0
43.776.517/0001-80;2023-12-31;11;136741;Liderança;31;1496;85;286;1;1;4
43.776.517/0001-80;2023-12-31;11;136741;Não-liderança;262;8036;585;1472;7;11;22
43.948.405/0001-69;2023-12-31;2;136669;Liderança;0;257;15;93;1;0;13
43.948.405/0001-69;2023-12-31;2;136669;Não-liderança;36;3877;727;2808;18;2;1107
45.242.914/0001-05;2023-12-31;4;131429;Liderança;54;671;109;304;1;0;6
45.242.914/0001-05;2023-12-31;4;131429;Não-liderança;412;5260;2628;6330;110;0;120
45.365.558/0001-09;2023-12-31;9;137671;Liderança;0;0;0;0;0;0;196
45.365.558/0001-09;2023-12-31;9;137671;Não-liderança;0;0;0;0;0;0;999
45.453.214/0001-51;2023-12-31;9;137936;Liderança;4;128;16;165;2;0;61
45.453.214/0001-51;2023-12-31;9;137936;Não-liderança;41;893;577;1839;6;0;222
45.987.245/0001-92;2023-12-31;9;136700;Liderança;2;171;8;32;0;36;0
45.987.245/0001-92;2023-12-31;9;136700;Não-liderança;21;1728;185;370;3;331;3
46.119.855/0001-37;2023-12-31;5;133162;Liderança;0;0;0;0;0;0;137
46.119.855/0001-37;2023-12-31;5;133162;Não-liderança;0;0;0;0;0;0;2000
47.508.411/0001-56;2023-12-31;9;134287;Liderança;10;568;39;420;2;0;60
47.508.411/0001-56;2023-12-31;9;134287;Não-liderança;416;12349;4250;16793;120;0;3816
47.960.950/0001-21;2023-12-31;6;136524;Liderança;115;2447;1821;480;14;700;0
47.960.950/0001-21;2023-12-31;6;136524;Não-liderança;490;10601;10108;2996;104;4565;73
49.263.189/0001-02;2023-12-31;5;137787;Liderança;2;54;1;8;0;0;0
49.263.189/0001-02;2023-12-31;5;137787;Não-liderança;5;151;5;54;0;0;0
49.669.856/0001-43;2023-12-31;11;137826;Liderança;16;253;22;109;6;148;0
49.669.856/0001-43;2023-12-31;11;137826;Não-liderança;86;1139;296;1053;14;656;0
50.564.053/0001-03;2023-12-31;5;137135;Liderança;0;58;0;3;0;0;2
50.564.053/0001-03;2023-12-31;5;137135;Não-liderança;4;1723;103;383;0;0;56
50.746.577/0001-15;2023-12-31;13;136131;Liderança;1;40;0;1;0;0;0
50.746.577/0001-15;2023-12-31;13;136131;Não-liderança;2;61;9;16;0;0;0
50.926.955/0001-42;2023-12-31;9;136697;Liderança;7;282;46;590;4;11;11
50.926.955/0001-42;2023-12-31;9;136697;Não-liderança;181;2924;1515;11930;131;218;177
51.128.999/0001-90;2023-12-31;6;136010;Liderança;0;10;0;9;0;0;0
51.128.999/0001-90;2023-12-31;6;136010;Não-liderança;0;80;29;53;0;0;0
51.928.174/0001-50;2023-12-31;7;137125;Liderança;0;0;0;0;0;0;212
51.928.174/0001-50;2023-12-31;7;137125;Não-liderança;0;0;0;0;0;0;1974
52.123.916/0001-32;2023-12-31;3;131674;Liderança;0;0;0;0;0;0;142
52.123.916/0001-32;2023-12-31;3;131674;Não-liderança;0;0;0;0;0;0;2905
52.548.435/0001-79;2023-12-31;9;136718;Liderança;10;556;59;490;0;21;0
52.548.435/0001-79;2023-12-31;9;136718;Não-liderança;208;8009;2566;14339;34;1173;0
53.113.791/0001-22;2023-12-31;9;136153;Liderança;14;1178;35;192;0;0;110
53.113.791/0001-22;2023-12-31;9;136153;Não-liderança;113;5785;491;1903;17;0;593
56.643.018/0001-66;2023-12-31;7;137433;Liderança;1;190;2;2;0;70;0
56.643.018/0001-66;2023-12-31;7;137433;Não-liderança;2;1224;37;61;0;1360;0
56.720.428/0001-63;2023-12-31;7;135647;Liderança;0;111;2;7;0;0;0
56.720.428/0001-63;2023-12-31;7;135647;Não-liderança;1;1335;100;443;0;0;0
56.992.423/0001-90;2023-12-31;2;136160;Liderança;0;5;0;1;0;0;0
56.992.423/0001-90;2023-12-31;2;136160;Não-liderança;0;14;2;8;0;0;0
58.119.199/0001-51;2023-12-31;7;137798;Liderança;3;126;6;31;0;0;18
58.119.199/0001-51;2023-12-31;7;137798;Não-liderança;14;821;105;550;2;0;50
58.430.828/0001-60;2023-12-31;4;136915;Liderança;0;0;0;0;0;148;0
58.430.828/0001-60;2023-12-31;4;136915;Não-liderança;0;0;0;0;0;1473;0
59.105.999/0001-86;2023-12-31;9;137424;Liderança;3;149;2;8;0;0;3
59.105.999/0001-86;2023-12-31;9;137424;Não-liderança;142;7281;752;3161;24;0;405
59.285.411/0001-13;2023-12-31;17;137010;Liderança;29;380;22;81;0;0;0
59.285.411/0001-13;2023-12-31;17;137010;Não-liderança;71;1505;206;558;4;0;0
59.418.806/0001-47;2023-12-31;7;136807;Liderança;0;0;0;0;0;0;104
59.418.806/0001-47;2023-12-31;7;136807;Não-liderança;0;0;0;0;0;0;1363
59.717.553/0001-02;2023-12-31;8;135997;Liderança;0;101;11;67;0;157;0
59.717.553/0001-02;2023-12-31;8;135997;Não-liderança;5;615;71;1368;1;3377;0
59.789.545/0001-71;2023-12-31;2;130853;Liderança;0;0;0;0;0;0;1
59.789.545/0001-71;2023-12-31;2;130853;Não-liderança;0;0;0;0;0;0;1
59.981.829/0001-65;2023-12-31;5;138010;Liderança;4;290;6;78;0;0;20
59.981.829/0001-65;2023-12-31;5;138010;Não-liderança;34;1439;184;1008;2;0;150
60.444.437/0001-46;2023-12-31;7;136668;Liderança;3;109;6;20;0;0;3
60.444.437/0001-46;2023-12-31;7;136668;Não-liderança;60;1457;681;1711;20;0;176
60.476.884/0001-87;2023-12-31;15;137603;Liderança;3;259;7;52;0;0;13
60.476.884/0001-87;2023-12-31;15;137603;Não-liderança;131;4052;457;1699;0;0;196
60.500.139/0001-26;2023-12-31;11;131217;Liderança;0;48;1;34;0;0;0
60.500.139/0001-26;2023-12-31;11;131217;Não-liderança;1;113;9;237;0;0;0
60.537.263/0001-66;2023-12-31;7;137619;Liderança;4;130;9;84;5;4;0
60.537.263/0001-66;2023-12-31;7;137619;Não-liderança;39;1895;542;2482;74;148;0
60.543.816/0001-93;2023-12-31;13;135854;Liderança;8;140;5;19;1;0;0
60.543.816/0001-93;2023-12-31;13;135854;Não-liderança;12;287;41;97;1;0;2
60.651.809/0001-05;2023-12-31;5;137466;Liderança;1;6;0;1;0;0;0
60.651.809/0001-05;2023-12-31;5;137466;Não-liderança;1;12;0;6;0;0;0
60.730.348/0001-66;2023-12-31;2;131732;Liderança;1;53;4;5;0;0;0
60.730.348/0001-66;2023-12-31;2;131732;Não-liderança;1;260;20;52;0;0;0
60.746.948/0001-12;2023-12-31;27;137689;Liderança;200;8914;286;2273;13;0;23
60.746.948/0001-12;2023-12-31;27;137689;Não-liderança;923;52435;3258;18865;108;0;513
60.770.336/0001-65;2023-12-31;20;135011;Liderança;3;89;2;13;0;0;0
60.770.336/0001-65;2023-12-31;20;135011;Não-liderança;8;207;23;52;1;0;0
60.840.055/0001-31;2023-12-31;12;136614;Liderança;14;667;36;239;0;10;0
60.840.055/0001-31;2023-12-31;12;136614;Não-liderança;126;6084;1287;5091;2;46;0
60.851.615/0001-53;2023-12-31;5;137770;Liderança;1;9;0;0;0;0;0
60.851.615/0001-53;2023-12-31;5;137770;Não-liderança;0;75;3;14;0;0;0
60.872.504/0001-23;2023-12-31;11;136081;Liderança;403;9946;346;1748;14;0;58
60.872.504/0001-23;2023-12-31;11;136081;Não-liderança;2243;53464;5008;18390;148;0;1023
60.884.319/0001-59;2023-12-31;1;127809;Liderança;0;0;0;0;0;1;0
60.884.319/0001-59;2023-12-31;1;127809;Não-liderança;0;0;0;0;0;1;0
60.894.730/0001-05;2023-12-31;19;137617;Liderança;7;221;9;65;0;0;3
60.894.730/0001-05;2023-12-31;19;137617;Não-liderança;125;5311;1553;7698;34;0;852
61.022.042/0001-18;2023-12-31;5;137673;Liderança;0;33;1;2;0;0;0
61.022.042/0001-18;2023-12-31;5;137673;Não-liderança;0;61;7;22;0;0;0
61.065.298/0001-02;2023-12-31;3;134156;Liderança;0;49;9;4;0;0;0
61.065.298/0001-02;2023-12-31;3;134156;Não-liderança;0;0;0;0;0;0;1783
61.065.751/0001-80;2023-12-31;4;137803;Liderança;0;12;1;5;0;0;0
61.065.751/0001-80;2023-12-31;4;137803;Não-liderança;0;33;8;37;0;0;0
61.079.117/0001-05;2023-12-31;15;137696;Liderança;1;89;0;7;0;0;31
61.079.117/0001-05;2023-12-31;15;137696;Não-liderança;202;2964;1134;10782;22;0;903
61.080.313/0001-91;2023-12-31;1;124818;Liderança;0;0;0;0;0;0;0
61.080.313/0001-91;2023-12-31;1;124818;Não-liderança;0;0;0;0;0;0;0
61.082.004/0001-50;2023-12-31;5;136114;Liderança;0;19;2;5;0;0;0
61.082.004/0001-50;2023-12-31;5;136114;Não-liderança;9;352;54;101;3;0;3
61.088.894/0001-08;2023-12-31;5;135748;Liderança;1;83;15;49;1;0;0
61.088.894/0001-08;2023-12-31;5;135748;Não-liderança;5;1653;287;997;16;0;4
61.156.113/0001-75;2023-12-31;10;137505;Liderança;7;297;24;14;0;5;644
61.156.113/0001-75;2023-12-31;10;137505;Não-liderança;42;6253;704;1168;4;22;8277
61.156.931/0001-78;2023-12-31;2;129749;Liderança;0;0;1;0;0;0;0
61.156.931/0001-78;2023-12-31;2;129749;Não-liderança;0;2;3;5;0;0;0
61.186.680/0001-74;2023-12-31;15;136646;Liderança;13;202;6;37;1;0;2
61.186.680/0001-74;2023-12-31;15;136646;Não-liderança;32;648;92;247;1;0;10
61.189.288/0001-89;2023-12-31;21;138004;Liderança;14;552;102;499;1;0;12
61.189.288/0001-89;2023-12-31;21;138004;Não-liderança;74;2402;794;2877;22;0;69
61.190.096/0001-92;2023-12-31;13;135902;Liderança;6;633;10;50;0;0;0
61.190.096/0001-92;2023-12-31;13;135902;Não-liderança;64;4094;329;1367;9;0;0
61.351.532/0001-68;2023-12-31;13;137928;Liderança;0;7;2;1;0;0;0
61.351.532/0001-68;2023-12-31;13;137928;Não-liderança;1;50;12;18;0;0;0
61.374.161/0001-30;2023-12-31;3;131057;Liderança;0;27;1;1;0;0;0
61.374.161/0001-30;2023-12-31;3;131057;Não-liderança;0;306;14;28;0;0;0
61.409.892/0001-73;2023-12-31;4;136682;Liderança;0;0;0;0;0;109;0
61.409.892/0001-73;2023-12-31;4;136682;Não-liderança;0;0;0;0;0;5506;0
61.486.650/0001-83;2023-12-31;19;136991;Liderança;110;1109;86;300;6;0;1429
61.486.650/0001-83;2023-12-31;19;136991;Não-liderança;769;6690;1723;3984;71;0;34056
61.532.644/0001-15;2023-12-31;6;137667;Liderança;1;11;0;0;0;0;0
61.532.644/0001-15;2023-12-31;6;137667;Não-liderança;4;59;0;4;0;0;1
61.584.140/0001-49;2023-12-31;3;137086;Liderança;0;0;0;0;0;0;1
61.584.140/0001-49;2023-12-31;3;137086;Não-liderança;0;0;0;0;0;0;1
61.585.865/0001-51;2023-12-31;10;137915;Liderança;75;1384;346;1113;17;0;695
61.585.865/0001-51;2023-12-31;10;137915;Não-liderança;764;11728;3787;10885;166;0;22079
61.856.571/0001-17;2023-12-31;8;137500;Liderança;3;99;1;14;0;0;0
61.856.571/0001-17;2023-12-31;8;137500;Não-liderança;12;727;52;176;0;0;10
62.002.886/0001-60;2023-12-31;10;137895;Liderança;1;24;3;2;0;0;0
62.002.886/0001-60;2023-12-31;10;137895;Não-liderança;12;82;13;21;0;0;0
62.144.175/0001-20;2023-12-31;33;136647;Liderança;0;16;0;0;0;0;0
62.144.175/0001-20;2023-12-31;33;136647;Não-liderança;3;112;11;36;0;0;133
62.232.889/0001-90;2023-12-31;3;133524;Liderança;9;524;26;95;1;5;0
62.232.889/0001-90;2023-12-31;3;133524;Não-liderança;53;1874;189;634;1;21;0
62.258.884/0001-36;2023-12-31;5;137829;Liderança;6;208;11;63;0;0;1
62.258.884/0001-36;2023-12-31;5;137829;Não-liderança;11;883;145;676;4;0;1
62.984.091/0001-02;2023-12-31;11;137707;Liderança;0;251;7;78;0;0;7
62.984.091/0001-02;2023-12-31;11;137707;Não-liderança;55;4557;273;1837;2;0;159
67.010.660/0001-24;2023-12-31;6;137136;Liderança;0;0;0;0;0;0;100
67.010.660/0001-24;2023-12-31;6;137136;Não-liderança;0;0;0;0;0;0;442
67.571.414/0001-41;2023-12-31;18;136928;Liderança;0;15;0;1;0;0;0
67.571.414/0001-41;2023-12-31;18;136928;Não-liderança;3;56;4;24;0;0;0
67.620.377/0001-14;2023-12-31;9;136838;Liderança;0;0;0;0;0;0;1201
67.620.377/0001-14;2023-12-31;9;136838;Não-liderança;0;0;0;0;0;0;21996
71.208.516/0001-74;2023-12-31;5;135508;Liderança;2;234;110;0;0;0;4
71.208.516/0001-74;2023-12-31;5;135508;Não-liderança;34;1805;1990;0;4;0;140
71.476.527/0001-35;2023-12-31;16;136098;Liderança;4;216;9;60;0;0;10
71.476.527/0001-35;2023-12-31;16;136098;Não-liderança;89;1313;854;1653;8;0;28
73.178.600/0001-18;2023-12-31;6;137801;Liderança;1;272;14;60;0;0;3
73.178.600/0001-18;2023-12-31;6;137801;Não-liderança;33;2182;604;2119;3;0;107
75.315.333/0001-09;2023-12-31;15;135906;Liderança;82;2935;472;1939;24;4;12
75.315.333/0001-09;2023-12-31;15;135906;Não-liderança;1962;55394;19937;66363;820;100;309
75.609.123/0001-23;2023-12-31;14;134259;Liderança;3;110;1;18;0;0;0
75.609.123/0001-23;2023-12-31;14;134259;Não-liderança;8;848;75;601;2;10;0
76.483.817/0001-20;2023-12-31;20;136123;Liderança;7;344;11;24;0;1;0
76.483.817/0001-20;2023-12-31;20;136123;Não-liderança;190;4529;170;567;8;24;0
76.484.013/0001-45;2023-12-31;13;137663;Liderança;5;123;6;8;0;0;0
76.484.013/0001-45;2023-12-31;13;137663;Não-liderança;33;1359;74;182;2;9;0
76.535.764/0001-43;2023-12-31;16;137764;Liderança;0;0;0;0;0;0;1537
76.535.764/0001-43;2023-12-31;16;137764;Não-liderança;0;0;0;0;0;0;22035
79.430.682/0001-22;2023-12-31;6;135921;Liderança;5;369;5;19;0;0;0
79.430.682/0001-22;2023-12-31;6;135921;Não-liderança;2;4653;116;1215;0;0;1
80.680.093/0001-81;2023-12-31;2;133245;Liderança;2;158;3;15;0;0;44
80.680.093/0001-81;2023-12-31;2;133245;Não-liderança;30;1460;70;298;1;3;524
81.243.735/0001-48;2023-12-31;14;137753;Liderança;8;258;8;55;0;0;1
81.243.735/0001-48;2023-12-31;14;137753;Não-liderança;26;1249;196;1215;7;0;14
81.616.807/0001-55;2023-12-31;5;133328;Liderança;0;82;2;26;0;0;0
81.616.807/0001-55;2023-12-31;5;133328;Não-liderança;0;762;85;531;1;1;0
82.120.676/0001-83;2023-12-31;1;127897;Liderança;5;28;5;7;0;0;0
82.120.676/0001-83;2023-12-31;1;127897;Não-liderança;10;546;80;160;4;0;15
82.508.433/0001-17;2023-12-31;6;135666;Liderança;3;263;2;6;0;29;0
82.508.433/0001-17;2023-12-31;6;135666;Não-liderança;12;1961;44;87;0;289;0
82.640.558/0001-04;2023-12-31;5;135562;Liderança;0;79;1;4;0;0;0
82.640.558/0001-04;2023-12-31;5;135562;Não-liderança;20;1907;148;382;13;21;0
82.643.537/0001-34;2023-12-31;8;137145;Liderança;0;0;0;0;0;0;92
82.643.537/0001-34;2023-12-31;8;137145;Não-liderança;0;0;0;0;0;0;1239
82.901.000/0001-27;2023-12-31;3;135975;Liderança;0;285;8;29;0;0;0
82.901.000/0001-27;2023-12-31;3;135975;Não-liderança;39;2975;194;1174;12;0;0
82.982.075/0001-80;2023-12-31;2;130627;Liderança;0;40;1;2;0;0;0
82.982.075/0001-80;2023-12-31;2;130627;Não-liderança;7;325;41;221;5;0;0
83.475.913/0001-91;2023-12-31;5;138046;Liderança;6;214;10;45;2;1;0
83.475.913/0001-91;2023-12-31;5;138046;Não-liderança;116;2031;329;1144;47;22;0
83.878.892/0001-55;2023-12-31;12;137642;Liderança;3;426;18;8;0;0;3
83.878.892/0001-55;2023-12-31;12;137642;Não-liderança;17;3119;78;236;1;0;16
84.429.695/0001-11;2023-12-31;6;136075;Liderança;5;893;5;36;0;0;930
84.429.695/0001-11;2023-12-31;6;136075;Não-liderança;60;17658;1039;6562;5;98;11846
84.683.374/0001-49;2023-12-31;16;137700;Liderança;0;0;0;0;0;0;665
84.683.374/0001-49;2023-12-31;16;137700;Não-liderança;0;0;0;0;0;0;18908
84.683.408/0001-03;2023-12-31;3;135674;Liderança;1;320;1;12;0;0;0
84.683.408/0001-03;2023-12-31;3;135674;Não-liderança;15;2263;90;401;10;0;0
84.683.671/0001-94;2023-12-31;4;133542;Liderança;0;27;0;2;0;0;7
84.683.671/0001-94;2023-12-31;4;133542;Não-liderança;0;585;44;58;0;0;349
84.693.183/0001-68;2023-12-31;4;135472;Liderança;0;115;0;2;0;0;1
84.693.183/0001-68;2023-12-31;4;135472;Não-liderança;0;2960;112;229;0;0;49
85.041.333/0001-11;2023-12-31;3;128576;Liderança;0;10;0;0;0;0;0
85.041.333/0001-11;2023-12-31;3;128576;Não-liderança;0;254;0;0;0;0;0
85.778.074/0001-06;2023-12-31;7;136049;Liderança;0;0;0;0;0;0;51
85.778.074/0001-06;2023-12-31;7;136049;Não-liderança;0;0;0;0;0;0;826
86.375.425/0001-09;2023-12-31;3;136655;Liderança;0;0;0;0;0;0;29
86.375.425/0001-09;2023-12-31;3;136655;Não-liderança;0;0;0;0;0;0;1170
87.043.832/0001-73;2023-12-31;6;136999;Liderança;0;3;0;0;0;0;0
87.043.832/0001-73;2023-12-31;6;136999;Não-liderança;0;1;0;0;0;0;0
87.456.562/0001-22;2023-12-31;2;136062;Liderança;0;23;1;0;0;0;0
87.456.562/0001-22;2023-12-31;2;136062;Não-liderança;0;1020;235;139;0;0;0
87.762.563/0001-03;2023-12-31;7;137839;Liderança;0;35;0;4;0;0;0
87.762.563/0001-03;2023-12-31;7;137839;Não-liderança;0;131;16;15;0;0;0
87.870.952/0001-44;2023-12-31;4;135560;Liderança;1;86;6;15;0;0;6
87.870.952/0001-44;2023-12-31;4;135560;Não-liderança;25;1259;340;583;10;14;266
88.610.126/0001-29;2023-12-31;7;136794;Liderança;4;138;2;5;0;0;15
88.610.126/0001-29;2023-12-31;7;136794;Não-liderança;137;1772;238;874;5;0;2266
88.610.191/0001-54;2023-12-31;4;139048;Liderança;1;94;1;1;0;0;0
88.610.191/0001-54;2023-12-31;4;139048;Não-liderança;3;1675;112;162;2;0;1
88.611.835/0001-29;2023-12-31;15;136048;Liderança;4;492;6;25;0;0;0
88.611.835/0001-29;2023-12-31;15;136048;Não-liderança;56;6704;900;2058;18;56;0
89.086.144/0001-16;2023-12-31;7;138534;Liderança;0;0;0;0;0;0;490
89.086.144/0001-16;2023-12-31;7;138534;Não-liderança;0;0;0;0;0;0;15460
89.096.457/0001-55;2023-12-31;15;137386;Liderança;3;258;10;142;0;1;0
89.096.457/0001-55;2023-12-31;15;137386;Não-liderança;27;1249;299;2359;10;27;0
89.463.822/0001-12;2023-12-31;27;137874;Liderança;0;0;0;0;0;0;37
89.463.822/0001-12;2023-12-31;27;137874;Não-liderança;0;0;0;0;0;0;435
89.637.490/0001-45;2023-12-31;15;137486;Liderança;18;776;41;256;4;0;553
89.637.490/0001-45;2023-12-31;15;137486;Não-liderança;91;3447;394;1892;24;0;10770
89.850.341/0001-60;2023-12-31;11;136875;Liderança;13;307;21;167;3;0;41
89.850.341/0001-60;2023-12-31;11;136875;Não-liderança;386;2858;1544;8458;70;0;1213
90.076.886/0001-40;2023-12-31;4;138919;Liderança;1;42;0;0;0;0;4
90.076.886/0001-40;2023-12-31;4;138919;Não-liderança;1;1950;525;141;1;0;64
90.400.888/0001-42;2023-12-31;17;137940;Liderança;56;1107;22;94;0;12;0
90.400.888/0001-42;2023-12-31;17;137940;Não-liderança;1222;33926;3395;12439;69;249;0
90.441.460/0001-48;2023-12-31;4;137407;Liderança;0;39;0;1;0;0;0
90.441.460/0001-48;2023-12-31;4;137407;Não-liderança;2;451;12;50;1;0;8
91.333.666/0001-17;2023-12-31;8;139739;Liderança;0;0;0;0;0;0;11
91.333.666/0001-17;2023-12-31;8;139739;Não-liderança;0;0;0;0;0;0;135
91.669.747/0001-92;2023-12-31;2;128679;Liderança;0;0;0;0;0;0;1
91.669.747/0001-92;2023-12-31;2;128679;Não-liderança;0;0;0;0;0;0;1
91.983.056/0001-69;2023-12-31;17;136540;Liderança;1;112;1;19;0;0;3
91.983.056/0001-69;2023-12-31;17;136540;Não-liderança;15;1014;51;338;3;0;140
92.012.467/0001-70;2023-12-31;5;136606;Liderança;2;421;4;11;0;0;0
92.012.467/0001-70;2023-12-31;5;136606;Não-liderança;1;2172;42;75;0;1;0
92.660.570/0001-26;2023-12-31;4;138132;Liderança;0;47;0;7;0;0;0
92.660.570/0001-26;2023-12-31;4;138132;Não-liderança;0;194;14;26;0;0;0
92.665.611/0001-77;2023-12-31;5;133204;Liderança;0;617;21;44;0;0;0
92.665.611/0001-77;2023-12-31;5;133204;Não-liderança;61;5936;875;1366;12;15;0
92.690.783/0001-09;2023-12-31;14;138036;Liderança;57;1707;91;567;2;0;2186
92.690.783/0001-09;2023-12-31;14;138036;Não-liderança;550;7991;2022;6517;54;0;8854
92.693.019/0001-89;2023-12-31;5;137614;Liderança;0;44;1;0;0;0;0
92.693.019/0001-89;2023-12-31;5;137614;Não-liderança;0;444;39;31;0;0;0
92.702.067/0001-96;2023-12-31;27;136674;Liderança;3;1599;23;33;1;0;1
92.702.067/0001-96;2023-12-31;27;136674;Não-liderança;13;6616;159;203;5;0;4
92.721.232/0001-57;2023-12-31;6;134014;Liderança;0;32;2;3;1;0;0
92.721.232/0001-57;2023-12-31;6;134014;Não-liderança;0;23;4;4;0;0;0
92.749.225/0001-63;2023-12-31;4;136932;Liderança;0;7;0;0;0;0;0
92.749.225/0001-63;2023-12-31;4;136932;Não-liderança;0;0;0;0;0;0;1
92.754.738/0001-62;2023-12-31;9;136012;Liderança;83;1388;278;633;11;0;679
92.754.738/0001-62;2023-12-31;9;136012;Não-liderança;425;5825;2510;4371;126;0;8192
92.781.335/0001-02;2023-12-31;9;136801;Liderança;0;174;4;1;0;81;0
92.781.335/0001-02;2023-12-31;9;136801;Não-liderança;0;926;73;19;0;2115;0
92.791.243/0001-03;2023-12-31;7;137721;Liderança;1;154;4;15;0;0;0
92.791.243/0001-03;2023-12-31;7;137721;Não-liderança;17;1536;121;464;1;0;48
93.828.986/0001-73;2023-12-31;2;137240;Liderança;0;0;0;2;0;0;0
93.828.986/0001-73;2023-12-31;2;137240;Não-liderança;0;0;0;2;0;0;0
94.813.102/0001-70;2023-12-31;3;133703;Liderança;0;392;6;38;0;0;14
94.813.102/0001-70;2023-12-31;3;133703;Não-liderança;4;1165;49;245;0;0;38
95.426.862/0001-97;2023-12-31;3;137646;Liderança;0;28;1;1;0;0;0
95.426.862/0001-97;2023-12-31;3;137646;Não-liderança;0;437;47;33;0;0;0
96.298.013/0001-68;2023-12-31;8;137557;Liderança;1;94;1;9;0;0;0
96.298.013/0001-68;2023-12-31;8;137557;Não-liderança;6;452;46;165;0;0;0
96.418.264/0218-02;2023-12-31;14;137838;Liderança;1;715;38;180;5;0;485
96.418.264/0218-02;2023-12-31;14;137838;Não-liderança;3;2271;217;714;18;0;3580
97.191.902/0001-94;2023-12-31;2;136989;Liderança;0;165;10;12;0;0;0
97.191.902/0001-94;2023-12-31;2;136989;Não-liderança;4;1608;125;191;0;0;0
97.837.181/0001-47;2023-12-31;11;136737;Liderança;6;556;14;93;0;0;14
97.837.181/0001-47;2023-12-31;11;136737;Não-liderança;99;6452;1272;4255;28;0;207
